,article,press,date,url
0," 전 세계적인 가상화폐(암호화폐·가상통화) 규제 움직임이 수그러들자 비트코인 가격이 반등하며 이른바 검은 금요일 이전 수준을 회복했다
 18일 가상화폐 거래소 빗썸에 따르면 비트코인은 오후 2시 40분 현재 1코인당 1천218만5천원을 기록하고 있다
비트코인이 전날 1천200만원을 돌파한 데 이어 이날 1천200만원대에서 안정적으로 거래되고 있다
 비트코인이 1천200만원대를 기록한 것은 하루에 288만원(27
3%) 폭락해 검은 금요일로 불리는 이달 2일 이전인 지난달 31일 이후 처음이다
 연 저점인 이달 6일 660만원에 견주면 12일 만에 84
6% 올랐다
비트코인의 국제시세도 비슷한 상황이다
 가상화폐 정보업체 코인마켓캡에 따르면 이날 오후 2시 20분 현재 1만930달러선에서 거래되고 있다
 비트코인은 이달 6일 600달러 초반대까지 떨어졌다가 반등하기 시작해 16일 처음 1만달러선을 회복한 이후 1만달러 선을 꾸준히 유지하고 있다
최근 가상화폐가 반등세를 보이는 것은 전 세계적인 규제 강화 움직임이 누그러지는 분위기가 나타나고 있기 때문이다
 크리스토퍼 지안 카를로 미국 상품선물거래위원회(CFTC) 회장과 제이 클레이턴 증권거래위원회(SEC) 회장이 참석한 미국 상원 은행위원회 청문회에서 가상화폐에 대한 긍정적인 발언이 나왔다
 당시 시세조작 혐의를 받았던 테더 청문회가 될 것이라는 우려와 달리 이에 대한 언급이 없고 가상화폐의 안전한 거래를 위해 제도적인 뒷받침이 필요하다는 쪽으로 의견이 모였다
 백악관 사이버 담당 책임자인 롭 조이스도 16일 CNBC 방송에 나와 규제를 도입하기 전 가상화폐의 득과 실을 더 잘 이해할 필요가 있다며 미국 정부가 비트코인 규제를 시작하기엔 갈 길이 멀다고 말하기도 했다
 연합뉴스  ",hani,2018.02.18,http://www.hani.co.kr/arti/economy/economy_general/832557.html
1,"법원이 불법 음란물 사이트 운영자가 범죄수익으로 챙긴 비트코인의 몰수 결정을 내렸다
 국내에서 비트코인의 경제적 가치 및 몰수 대상성을 인정한 첫 사례라고 법원은 밝혔다
  수원지법 형사항소8부(재판장 하성원)는 30일 불법 음란물 유포 사이트를 운영한 혐의(아동·청소년의 성 보호에 관한 법률 위반 등)로 기소된 안아무개(33)씨의 선고공판에서 원심의 몰수 및 추징에 대한 부분을 깨고 범죄수익으로 얻은 191 비트코인을 몰수하고 6억9581만여원을 추징하라고 판결했다
 이날 오전 1 비트코인은 1268만원으로, 몰수 결정한 191 비트코인의 총 가치는 24억2000여만원에 이른다
  재판부는 “범죄수익 은닉의 규제 및 처벌 등에 관한 법률(범죄수익은닉규제법)에 따라 몰수 대상은 현금 외에도 가치가 있는 유무형의 재산과 사회 통념상 경제적 가치를 대상을 포함한다
 비트코인은 물리적 실체는 없어도 거래소를 통해 환전이 가능하고 가맹점을 통해 재화나 용역을 살 수 있어 경제적 가치가 있는 몰수 대상으로 볼 수 있다”고 밝혔다
  재판부는 또 “피고인한테 압수한 비트코인에 남아 있는 이체기록과 피고인이 받은 주소 등을 대조했을 때 압수된 비트코인은 음란 유포사이트 운영 수익으로 얻은 것이 확인되는 만큼 몰수하는 것이 합당하다”고 밝혔다
  1심 재판부는 “비트코인은 전자파일의 일종으로 물리적 실체가 없어 몰수가 적절치 않다”며 검찰의 몰수 구형을 기각했다
 검찰은 이에 “안씨에게 압수한 비트코인이 음란물 유포사이트를 운영하며 얻은 것으로 범죄수익에 해당해 몰수가 이뤄져야 하는데도 이를 몰수하지 않은 것은 사실을 오인하고 법리를 오해한 것”이라며 항소했다
  안씨는 2013년 12월부터 지난해 초까지 121만명을 회원으로 둔 불법 음란물 사이트인 ‘AVSNOOP
club’을 운영하면서 사이트 사용료 등을 받아 19억여원의 부당이득을 취한 혐의로 구속기소돼 원심과 항소심에서 모두 징역 1년 6월을 선고받았다
홍용덕 기자 ydhong@hani
co
kr",hani,2018.01.30,http://www.hani.co.kr/arti/society/area/830105.html
2,"그래픽_김지야  지난 11일 박상기 법무부 장관이 ‘가상통화 거래소 폐쇄’ 카드를 꺼내기 전까지 나온 정부의 경고 및 대책 발표만 십여차례에 이른다
 지난해 6월께부터 정부는 가상통화 시장을 주시해오다가 지난 하반기부터 비트코인을 중심으로 가격 급등세가 이어지자, 이전처럼 “정부가 책임질 수 없다”며 뒷짐 질 수만은 없는 상황이 이어졌다
 국외 거래소와 비교해 코인 가격이 20~30% 비쌀 정도로 수요가 커 ‘김치 프리미엄’이라는 말이 나왔다
 특단의 조처로 지난달 정부는 미성년자 거래 금지를 골자로 한 긴급 대책과 실명 거래를 중심으로 한 특별 대책을 잇따라 냈지만, 시장은 잠시 주춤할 뿐 다시 궤도에 올랐다
 한국의 ‘이상 과열은 국내 정책만으로 억누르기 힘든 가상통화 고유의 특성과 가상통화 시장 밖의 이유가 맞물려 돌아가는 현실 때문인 것으로 보인다
  전세계 비트코인의 원화 결제 비율은 21%에 이른다
 가상통화로 손해를 본 사람도 많지만 ‘흙수저와 서민의 마지막 탈출구’라는 구호로 많은 사람들이 휩쓸린 탓이다
 국내 거래소 빗썸 회원의 58%가 20~30대일 정도로 가상통화 투자자는 특히 젊은층에 집중돼 있다
 헬스장을 운영하는 최아무개(35)씨는 “헬스장 사업도 ‘레드오션’이라서 당장 내일도 장담하기 힘든 일이다
 최근에 아이가 태어나서 어떻게 키울지 생각하면 눈앞이 깜깜한데 더 이상 돈을 벌 방법이 없다”며 “‘잭팟’ 소문에 휩쓸려 시작했다
 소소하게라도 벌 수만 있으면 좋겠다”고 말했다
 국내 한 증권사 임원급 간부도 “그만큼 젊은 사람들이 돈 모으기 힘든 세상에서 코인을 한다는데 말리질 못하겠더라”고 말했다
 *이미지를 누르면 확대됩니다   지난달 28일 청와대 국민청원 누리집에 가상통화 규제를 반대하는 내용의 ‘정부는 국민들에게 단 한번이라도 행복한 꿈을 꾸게 해본 적 있습니까?’라는 제목의 글은 12일 현재 보름 만에 10만명이 넘게 참여했다
 이 글의 청원자는 “투자라는 건 개인이 성공하든 실패하든 개인이 책임을 지는 게 맞다”는 단서를 붙이며 “내 집 하나 사기도 힘든 대한민국에서 어쩌면 집을 살 수 있을지도 모른다, 어쩌면 하고 싶은 것을 하면서 살 수 있을지도 모른다”고 썼다
 거래소 폐쇄 소식에 청와대 국민청원 누리집에서 최흥식 금융감독원장, 박상기 법무부 장관 등 관료들의 부동산 투기 이력을 언급하며 ‘해임’ 청원까지 나오는 이유이기도 하다
  법무부가 급기야 ‘거래소 전면 폐쇄’ 카드까지 거론했는데도 열기가 크게 꺾이지 않는 데는, 이미 시장이 너무 커져버려 극약처방의 현실성이 떨어지는 탓이라는 분석도 나온다
 국내 거래소 빗썸만 보더라도 지난해 1월엔 거래금액이 3천억원 규모였지만, 지난해 8월 빗썸 하루 거래금액이 2조6천억원으로 코스닥 거래대금을 추월할 정도로 규모가 급증했다
 지난해 11월엔 56조3천억원으로 뛰어 올랐다
   투자자들은 ‘규제 리스크’가 없는 국내 주식시장으로 쉽게 돌아가지도 않는다
 지난 3개월 동안 코스닥에서 개인 돈이 우수수 빠져나갔다
 지난해 10월13일부터 이달 12일까지 외국인이 1조5995억원, 기관이 572억원 순매수한 데 반해, 개인은 7738억원을 순매도했다
 시장에선 위험을 감수할 수 있는 코스닥 개미들이 가상통화 시장으로 눈을 돌렸단 분석이다
 증권사에서 7년 근무한 경력이 있는 ㅅ(33)씨는 퇴사 뒤 전업투자를 하다가 지난해 초부터 가상통화 투자를 하기 시작했다
 주식시장에 대한 이해도가 일반인보다 높은 ㅅ씨도 “주식시장은 개미의 한계가 뚜렷하다
 특히 공매도 측면에서 정보 비대칭이 없을 수가 없다”며 “이와 비교하면 코인판은 모든 개인이 평등하다”고 말했다
12일 오후 서울 중구 한 가상화폐 거래소 앞에서 한 시민이 시세 전광판을 보고 있다
 가상화폐 거래소 폐지 법안을 준비중이라는 법무부에 발표에 급락했던 가상화폐는 이내 예전의 시세를 회복했다
 백소아 기자 thanks@hani
co
kr   국경 없이 거래되는 가상통화의 특성으로 투자자들은 국내 거래가 막히면 국외 거래소로 옮겨가겠다는 움직임을 보인다
 국제 가상통화 정보업체인 코인마켓캡은 전세계 7438개 거래소의 정보를 제공한다
 통용되는 가상통화 종류만 1413가지다
 국내 거래소에서 산 가상통화는 전자지갑 주소만 입력해 송금하면 국외 거래소로 이동시킬 수 있다
 거래소 폐쇄와 관련해 가상통화 커뮤니티에선 외국 거래소 이용 방법을 문의하거나 “외국 거래소로 코인을 옮겨놨다”는 글이 자주 올라온다
 비트파이넥스, 바이낸스 등 국외 거래소는 한국어를 지원한다
   만일 국내 거래소 폐쇄가 가시화되면 ‘코인 엑소더스’는 더욱 거세질 것이란 관측도 나온다
 박성준 동국대 블록체인연구센터장은 “국내 거래소 자금이 외국 거래소로 옮겨지는 건 뻔한 수순”이라며 “피투피(개인간·P2P) 거래만 활성화돼 정부 기대와 달리 더욱 자금이 음성화할 우려가 크다”고 말했다
 실제로 중국 거래소들은 자국 내 거래소 운영이 금지되자, 홍콩 등에서 운영하기 시작했다
 자금 흐름 파악은 국내보다 어려워질 수밖에 없다
 법무부 관계자는 “합법화된 나라의 거래소를 이용하는 것까지 막을 수는 없다”고 말했다
  전성인 홍익대 교수(경제학)는 “최저임금 올리는 것도 힘들고 부동산 시장도 잡지 못하는데 젊은층의 좌절이 가상통화로 쏠린 건 당연하지 않으냐”며 “현실적으로 이미 커져버린 시장을 억지로 막을 수도 없는 상황이어서 정부 부처 간 조율을 통해 보다 적극적인 ‘거래소 관리’에 나서는 게 실효가 있어 보인다”고 말했다
  박수지 신지민 기자 suji@hani
co
kr ",hani,2018.01.13,http://www.hani.co.kr/arti/economy/finance/827562.html
3,"  주요 암호화폐(가상통화) 가격이 2일, 전날보다 30% 안팎 떨어지며 또 폭락했다
 대표적 암호화폐인 비트코인은 장중 850만원까지 떨어져, 1월 초 2600만원에 육박하던 것에 견줘 3분의 1로 추락했다
 이더리움은 1월 최고가에 견줘 반토막이 나고, 리플은 5분의 1 가까이로 폭락했다
 일찍이 우려했던 이유없는 폭등에 이은 폭락이 현실로 나타난 것이다
 암호화폐는 가격 변동을 설명할 길이 없고, 가격 변동폭도 너무 커서 결코 합리적인 투자 대상이 될 수 없다는 게 이로써 더욱 분명해졌다
  한국 정부가 1월부터 거래실명제 도입 등으로 규제를 강화한 영향이 없지 않겠지만, 가격 하락은 우리나라에서만 일어나는 일이 아니다
 수많은 암호화폐가 새로 시장에 나오는데 거래의 투명성은 떨어지고, 거래소 해킹 사건이 터지는 등 투자자들을 불안하게 한 사건은 많았다
 일본의 거래소 코인체크는 지난달 26일 해킹당해 580억엔어치의 암호화폐를 도난당했다
 2014년 마운트곡스 해킹 사고보다 피해 규모가 더 컸다
 우리나라에서도 지난해 빗썸이 해킹을 당해 고객 개인정보와 계정 정보가 대거 유출된 바 있다
  세계 각국은 투자자들을 범죄로부터 보호하기 위한 규제와 대응 조처에 나서고 있다
 미국 증권거래위원회(SEC)는 어라이즈뱅크가 지난해 11월과 지난달 암호화폐 공개(ICO)를 통해 모은 6억달러를 투자자들에게 돌려주도록 했다
 비자카드와 제휴했다는 등의 거짓말로 투자자들을 속였다는 이유에서다
 미국 상품선물거래위원회(CFTC)는 거래소 비트파이넥스와 가상화폐 업체 테더에 대한 조사에 들어갔다
 투자자들에게 다른 암호화폐를 ‘테더’ 코인으로 바꿔 투자하도록 유도하는 방식으로 시세를 조종한 혐의를 받고 있다
 조사 결과에 따라 시장에 큰 영향을 끼칠 수 있는 사안이다
  암호화폐는 블록체인 기술을 적용해 주목받고 있지만, 쓸모가 입증되지 않은 채 투기적 거래의 대상이 돼 있다
 그 주변에서 각종 범죄가 횡행한다
 노벨상 수상자 로버트 실러 교수 등 투기와 거품 연구의 권위자들은 후유증을 경고하고, 세계 각국 정부는 거래 규제를 강화하고 있다
 최근에는 페이스북이 금융사기를 막겠다며 암호화폐 관련 광고를 금지했다
 거래 참여자들의 신중한 태도를 거듭 당부한다
",hani,2018.02.02,http://www.hani.co.kr/arti/opinion/editorial/830609.html
4,"비트코인인 16일 25%나 폭락해, 최고치 가격에서 48%나 떨어졌다
 1만달러 선이 위협받고 있다
  비트코인이 16일 25%나 폭락했다
 지난해 12월 이후 처음으로 1만1천달러 밑으로 내려가, 1만달러선이 위협받고 있다
  비트코인 거래회사 코인데스크에 따르면, 비트코인은 이날 뉴욕 시장에서 10370달러까지 떨어지면 거래됐다고 이 보도했다
 이는 지난해 12월 최고치였던 1만9783달러에서 48% 떨어진 가격이다
  이날 비트코인의 폭락은 한국 등 각국 정부가 비트코인 거래에 대한 규제를 강화할 움직임에 이은 것이다
 비트코인 선물거래를 출범시킨 선물옵션 거래 회사인 ‘시비오이(Cboe) 글로벌 마켓’에서의 비트코인 선물계약이 17일에 처음으로 만기가 도래할 예정이어서, 시장의 변동성이 커지며 폭락세로 이어졌다
  비트코인 다음으로 가상화폐 시장 점유율 2위인 이더리움도 23%나 폭락했다
 리플 및 비트코인캐시 등 다른 가상화폐들도 각각 18%, 10%씩 내려가, ‘크립토컴페어’의 자료에 따르면 최저가를 기록했다
  비트코인은 지난 12월16일과 22일 사이에도 30%나 떨어졌고, 11월 중순에도 25%나 급락하는 등 극심한 변동성을 보이고 있다
   비트코인 선물 거래량은 계속 늘고 있으나, 그 가격은 하락하고 있다
 1월 선물은 최고치 가격에서 7%가 내려간 가운데 2월 및 3월 선물거래는 활발해지고 있다
 17일 만료되는 선물거래가는 현물가에 비해 약간 낮아서, 비트코인 시장의 하락세를 예고했다
 정의길 선임기자 Egil@hani
co
kr",hani,2018.01.17,http://www.hani.co.kr/arti/international/globaleconomy/828106.html
5,"일본에서 역대 최대인 580억엔(약 5천648억원) 규모의 가상화폐 해킹 사고가 발생했다
 27일 니혼게이자이신문과 월스트리트저널(WSJ) 등에 따르면 일본의 최대 가상화폐 거래소 중 하나인 코인체크는 이날 자정께 기자회견을 열고 ""시스템에 공인받지 않은 외부인이 접속해 고객들이 맡겨둔 580억엔 상당의 NEM(뉴이코노미무브먼트) 코인을 가져갔다""고 말했다
코인체크는 이어 ""비트코인 등 다른 가상화폐가 사라지지는 않았다""면서 ""좀 더정확한 조사를 위해 모든 가상화폐의 엔화 인출 및 거래를 중단했다""고 밝혔다
코인체크에 따르면 해킹이 시작된 것은 26일 오전 3시께로, 코인체크는 이로부터 8시간이나 지난 같은날 오전 11시께 이 사실을 확인하고 단계적으로 거래를 중단시켰다
 와다 고이치로(和田晃一良) 코인체크 사장은 ""이런 사태가 발생해 깊이 반성하고 있다""며 ""보상을 포함해 고객 최우선으로 대응을 검토하고 있다""고 말했다
코인체크측이 보상을 검토하겠다고 말했지만 이 곳에 자산을 맡긴 투자자들은 불안감을 감추지 못하고 있다
 막 경위 파악을 시작한 단계라서 거래 정지가 언제 풀릴지도 모르는 상황이다
 코인체크가 관리하는 고객 자산은 수천억엔(수조원) 규모인 것으로 알려졌다
 도쿄 거주 30대 남성 회사원은 니혼게이자이에 ""250만엔의 저금 중 200만엔(약 1천948만원)을 쏟아부었다
 (해킹으로) 유출됐다면 정말 곤란하다""고 말했다
 코인체크에 겨울 보너스 전액을 투자했다는 20대 남성 회사원은 ""제대로 돈을 돌려주면 좋겠지만 어떻게 될지 모르겠다""고 불안해 했다
 이번 해킹은 2014년 일본 마운트 곡스 거래소에서 발생했던 470억엔(약 4천577억원) 상당의 가상화폐 해킹 사건을 뛰어넘는 규모다
 WSJ에 따르면 당시 해킹으로 마운트 곡스는 파산을 신청했으며 피해자들은 4년이 지난 지금까지 환불 절차를 진행 중에 있지만, 돈을 돌려받을 수 있을지는 불투명한 것으로 전해졌다
WSJ는 이번 사건에 대해 비트코인과 디지털 화폐의 굴곡진 9년 역사에서 최대의 해킹 사건으로 기록될 것이라며 ""비트코인 등 가상화폐에 대한 열풍을 냉각시킬 수도 있다""고 예상했다
 WSJ는 ""정부 규제 당국의 사이버 공격 위험을 감소시키기 위한 다각적인 노력에도 불구하고 가상화폐 분야의 투자자들이 얼마나 취약한 상황에 놓여 있는지를 보여주는 예가 될 것""이라고 말했다
미 오클라호마주 툴사 대학에서 사이버 보안을 담당하는 타일러 무어 교수는 ""비트코인과 다른 가상화폐들은 사이버 범죄자들의 가장 신선한 먹잇감이 되고 있다""면서 ""가상화폐 거래소가 전통적인 금융기관과 동일한 수준의 보안을 확보하기까지는 갈 길이 아직 멀다""고 말했다
NHK는 가상화폐는 지폐나 동전과 달리 정부나 중앙은행 같은 관리자가 없다며 이번 같은 해킹 피해를 막기 위해 보안을 강화하는 것이 앞으로 중요한 과제가 될 것이라고 전했다
 연합뉴스 ",hani,2018.01.27,http://www.hani.co.kr/arti/international/japan/829632.html
6,"그래픽_김승미   여론조사 전문기관  여론조사 결과, 현 정부의 부동산 정책에 대해 34%가 “잘못하고 있다” 응답해, “잘하고 있다”(24%)는 평가보다 높은 것으로 집계됐다
   19일 갤럽이 공개한 여론조사 결과를 보면, 현 정부가 부동산 정책을 잘하고 있는지 물은 결과 24%는 “잘하고 있다”고, 34%는 “잘못하고 있다”고 답한 것으로 나타났다
 42%는 의견을 유보했다
  이번 조사는 갤럽이 지난 16~18일 전국 성인 1004명을 대상으로 진행했고 표본오차는 95% 신뢰수준에 ±3
1%포인트다
 이번 조사의 자세한 내용은 갤럽과 중앙선거여론조사심의위원회 누리집을 참고하면 된다
■ 2주택 이상 보유자 부정평가 상승폭 커  갤럽이 지난해 8월 발표된 ‘8·2 부동산 대책’ 당시 진행한 조사와 비교하면, 부동산 정책 긍정 평가는 44%에서 24%로 20%포인트 감소했고 부정 평가는 23%에서 34%로 11%포인트 증가했다
   갤럽은 “부동산 정책 긍정률 하락폭은 성, 연령, 지역 등 모든 응답자 특성별로 비슷한 반면, 부정률 상승폭은 주택 비보유자(2017년 8월 22% → 2018년 1월 28%)나 1주택 보유자(22%→35%)보다 2주택 이상 보유자(28%→51%)에서 더 컸다”고 설명했다
   의견 유보 비율이 42% 높은 이유에 대해서 갤럽은 “8·2 대책에서 가장 관심을 모은 다주택자 양도세 중과 실제 적용 시기가 올해 4월이고, 연내 보유세 인상 가능성도 있다
 현재 부동산 정책 평가에 의견유보가 많은 것은 이러한 복합적 상황이 반영된 것으로 볼 수 있다”고 분석했다
■ ‘규제강화’ vs ‘집값 상승’  갤럽이 부동산 정책 긍정 평가자에게 그 이유를 물은 결과(238명·자유응답) ‘규제 강화·강력한 규제’(15%), ‘다주택자 양도세 중과’(14%), ‘서민 위한 정책·서민 집 마련 기대’(10%), ‘집값 안정 또는 하락’(9%), ‘보유세 인상 고려’(8%) 등 대체로 시장 안정에 대한 기대감이 섞인 응답이 나왔다
 반면, 부동산 정책 부정 평가자들은 그 이유로(343명·자유응답) ‘집값 상승’(18%), ‘규제 부작용 우려·풍선 효과’, ‘서민 피해·서민 살기 힘들다’, ‘투기 못 잡음’(이상 10%), ‘일관성 없음·오락가락함’(9%), ‘효과 없음·근본적 대책 아님’(7%), ‘다주택자 양도세 과함’, ‘대출 억제 과도·금리 인상’(이상 6%) 등 정책 실효성에 대한 우려가 담긴 답을 내놨다
■ 향후 1년간 집값 “오를 것” 46% vs “내릴 것” 19%  향후 1년간 집값 전망에 대해서는 46%가 “오를 것”, 19%는 “내릴 것”, 23%는 “변화 없을 것”이라고 답했으며 12%는 의견을 유보했다
 5개월 전인 ‘8·2 대책’ 발표 직후 갤럽 조사와 비교하면 상승 전망이 12%포인트 증가, 하락 전망은 8%포인트 감소했다
 갤럽은 “연령별 집값 상승 전망은 20·30대(55%)에서 40·50대(약 45%)나 60대 이상(38%)보다 더 많았다”고 설명했다
■ 가장 유리한 재테크? 부동산 갤럽이 가장 유리한 재테크 방법을 물은 결과(보기 6개 순서 로테이션 제시), ‘땅·토지’(27%)와 ‘아파트·주택(23%) 등 응답자의 50%가 ‘부동산’을 꼽았고 그다음은 ‘은행 적금’(23%), ‘주식’, ‘비트코인 등 가상화폐’(이상 5%), ‘채권·펀드’(3%) 순이었으며 16%는 의견을 유보했다
  갤럽은 “과거 조사와 비교하면 ‘부동산’은 2000년 14%에서 2006년 54%까지 증가, 2014년 38%로 하락했으나 2018년 현재 다시 50%로 늘었다
 반면 ‘은행 적금’은 2000년 74%에 달했지만 이후 지속적으로 하락해 이번 조사에서는 23%다”고 밝혔다
  가상화폐의 경우 20대(11%), 30대(7%)의 응답이 평균치(5%)를 웃돌았다
 실제로 갤럽이 가상화폐 경험 여부를 붇는 질문에 30대 남성이 19%로 가장 높았고, 그다음은 20대 남성 14%로 집계됐다
 한 번이라도 비트코인 등 가상화폐 거래 경험이 있는 사람은 7%로 조사됐다
  이승준 기자 gamja@hani
co
kr",hani,2018.01.19,http://www.hani.co.kr/arti/economy/economy_general/828537.html
7,"  비트코인을 비롯한 암호화폐(가상통화) 투기 대책을 놓고 정부가 혼선을 드러냈다
 박상기 법무부 장관이 11일 “거래소 폐쇄까지도 목표로 하는 가상통화 거래 금지 특별법을 준비중”이라고 말했는데, 몇 시간도 안 돼 청와대가 “확정되지 않았다”고 부인했다
 이런 엇박자는 정부에 대한 불신을 키우고, 정책이 제대로 먹혀들기 어렵게 만든다
 정부 안에서 조율이 덜 된 사안을 마치 확정된 일인 양 섣불리 말한 법무부 장관의 잘못이 크다
 앞으로는 이런 일이 없어야 한다
   암호화폐 거래가 투기 후유증 우려를 계속 키우고 있는 것은 분명하다
 정부가 암호화폐를 제도 안으로 받아들이기를 거부하고 규제를 확대해가고 있지만, 거래에 뛰어드는 사람은 계속 늘고 있다
 현재 국내 암호화폐 거래 중개회사인 빗썸에서 거래되는 암호화폐 12종의 시가총액만 500조원에 가깝다
 세계 비트코인 거래소에서 원화 결제 비중이 20% 안팎임을 고려하면, 한국인의 보유액이 만만치 않을 것이다
   게다가 우리나라에서 거래되는 주요 암호화폐 가격은 세계 거래소 평균가격보다 35% 이상 높다
 투기 심리가 그만큼 강하고, 국내외 가격차를 이용한 환치기 같은 불법행위의 온상이 될 위험성도 다분하다
 가격 급등락은 더 잦아지고 있다
 거래에 뛰어든 사람들은 ‘투자의 자유’를 외치겠지만, 정부가 후유증을 최소화하기 위해 필요한 조처를 하는 것은 당연한 일이다
   정부는 암호화폐를 결제수단이나 금융상품으로 인정하지 않겠다는 방침을 밝히고, 금융회사들의 거래 참여를 금지했다
 또 가상화폐 거래 실명제를 도입하고, 가상계좌 신규 발급을 전면 중단하도록 조처했다
 이런 조처에 이어, 거래 금지나 과세 등 더 강력한 규제 방안을 검토하고 있다
 법무부는 도박과 같은 불법행위로 보고 단속해야 한다는 쪽이고, 일부 경제부처에선 블록체인 산업 발전 등을 고려해 신중하자는 쪽이다
 정부 대책이 신뢰를 얻고 효과를 제대로 발휘하려면, 먼저 정부 입장을 분명히 해야 한다
 정부 태도 명확히 해야 정책 신뢰 생긴다   거래 금지는 가장 강력한 규제책이다
 부작용이 있더라도 더 늦기 전에 과감한 조처를 해야 한다는 법무부의 생각은 이해한다
 하지만 실제 채택하기는 쉽지 않다
 거래를 금지하려면 암호화폐 거래를 사기나 도박과 같은 범죄로 규정해야 하는데, 그렇게 단정짓기 어렵다
 이득을 노리고 불법행위를 이끄는 주체가 뚜렷하지 않기 때문이다
 이미 거래에 뛰어든 사람이 수백만명으로 늘어나 있는데, 거래를 금지한다면 이들은 재산권 침해로 받아들일 것이다
 중국, 러시아 등 일부 국가를 제외하고는 세계 각국이 암호화폐 거래를 막지 않고, 미국의 경우 선물거래까지 허용하고 있는 점도 거래 금지의 명분을 취약하게 한다
   최악의 경우 거래 금지 조처를 취할 여지는 남겨둬야 한다
 하지만 우선은 강력한 과세를 통해 거래 유인을 약화시키는 방안부터 적극 고려할 필요가 있다
 암호화폐 투기는 세계적 현상이다
 우리나라만의 노력으로 문제 해결이 쉽지 않다
 가능한 규제 조처를 착실히 안착시켜가면서, 국제 공조를 확대해나가야 한다
 조급함을 누르고, 끈기있게 대처하는 것이 중요하다
",hani,2018.01.12,http://www.hani.co.kr/arti/opinion/editorial/827517.html
8,"홍준표 자유한국당 대표가 신년기자회견에서 기자들의 질문에 답하고 있다
 자유한국당 제공   자유한국당 홍준표 대표가 신년기자회견을 통해 문재인 정부를 ‘좌파 국가사회주의’로 규정하며 “우리 사회가 겪는 혼란과 퇴행의 원인은 이 정권의 ‘좌파 국가주의’ 때문”이라고 주장했다
  홍 대표는 22일 서울 여의도 당사에서 열린 신년기자회견에서 현 정부를 향해 “국민의 불안을 가중시키고 나라의 미래를 어둡게 만드는 철지난 좌파 국가사회주의와 주사파식 사고에서 하루속히 벗어나기를 진심으로 촉구한다”며 이렇게 말했다
 자유한국당이 사전배포한 회견문에는 소제목을 포함해 ‘좌파’ 언급이 무려 18차례나 등장했고, 홍 대표가 직접 입에 올린 것은 14차례에 달했다
 이는 현 지방선거가 개헌 논의와 함께 맞물려 ‘지방분권 찬반’ 등을 묻는 선거로 프레임이 짜여지는 것을 경계하면서, ‘좌파 사회주의’ 심판론으로 보수층의 결집을 노리려는 의도로 보인다
 실제로 홍 대표는 “이번 지방선거는 대한민국을 망치는 문재인 정권의 좌파폭주에 맞서 국민 여러분의 삶을 지키는 선거”라고 규정하며 “자유한국당이 무너진다면 이 정권은 좌파폭주를 넘어 좌파광풍으로 대한민국의 존립 기반마저 흔들려 할 것”이라고 주장했다
   홍 대표는 지방선거 지지 호소에 앞서, “우리 사회가 겪고 있는 모든 혼란과 퇴행의 원인은 바로 이 정권의 좌파 국가주의”라고 지적하며 정부를 향한 비난의 수위를 높였다
 그는 ‘좌파 국가주의’의 예로 여자 아이스하키 단일팀 추진, 비트코인 규제, 공무원 확대를 비롯한 소득주도성장론 등을 들며 각각 “국가를 위해 개인이 희생하라는 전형적인 국가주의의 산물” “청년층을 빚더미에 앉힌 것도 교조적 국가주의가 빚어낸 비극” “좌파 국가주의에 종속된 포퓰리즘”이라고 목소리를 높였다
   특히 평창올림픽과 관련해 국가주의를 연계시키며, “문재인 정권이 김정은의 정치쇼에 끌려다니면서 평창 올림픽을 평양 올림픽으로 변질시키고 있다”며 “국가주의가 주도하는 정권은 ‘기회는 평등하고, 과정은 공정하며, 결과는 정의로운’ 나라를 결코 만들어낼 수 없다”고도 주장했다
 그는 특히 2030세대를 겨냥해 “우리 청년들은 단군 이래 가장 스펙이 뛰어나다고 할 정도로 창의와 역량이 뛰어난 세대다
 이들에겐 좌파 국가사회주의가 아니라 자유의 확대가 필요하다”며 “정부의 개헌 시도는 대한민국 체제에서 ‘자유’를 삭제하는 것”이라고 정부에 대한 비판을 개헌 비판론으로 이어갔다
 또 “북한 공식 명칭이 ‘조선인민민주주의 공화국’인데, 자유가 빠진 민주주의는 북한과 다를 것이 없다” “자유민주주의를 부정하는 개헌 시도를 받아들일 수 없다”고도 말했다
   이같은 ‘색깔론’ 공세는 지방선거 표심을 겨냥한 전략적 발언으로 보인다
 ‘좌파 국가주의’가 역사적으로 ‘스탈린주의’ ‘좌파 파시즘’ 등 전체주의와도 맞닿아 있는 개념인 데 비춰볼 때, 현 정부를 공격하면서 “좌파 국가사회주의”를 언급한 것은 개념 혼용이거나 지나쳤다는 지적도 나올 것으로 보인다
 그럼에도 홍 대표가 ‘좌파 국가주의 대 자유민주주의’ 구도를 배치한 것은, 대북 체제에 대해 비판적인 20~30대를 공략함으로써 안보·경제 분야에서 불만을 갖는 이들을 ‘개헌-반개헌’이라는 지방선거 프레임에서 빼내고자 하는 의도로 풀이된다
 실제로 홍 대표는 이날 기자회견에서 추미애 더불어민주당 대표가 언급한 ‘지방선거는 개헌 대 호헌의 구도가 될 것’이라는 지방선거 프레임 규정에 대해 강하게 반발하며 “영화 보고 울었다고 한 87년 체제의 민주화 헌법인데, 자기들이 신앙처럼 받들던 87년 체제를 부정하는 발언”이라고 공박하기도 했다
   이날 기자회견은 홍 대표가 신년기자회견문을 읽은 뒤 직접 기자들을 지목해 자유롭게 질문을 받고 대답하는 형태로 진행됐다
 그러나 이 과정에서 홍 대표는 질문하는 기자들을 향해 “다시는 그런 질문을 하지 마라” “바퀴벌레 등을 막말로 받아들이는 것은 철부지나 하는 일” 등의 대답을 통해 ‘면박’을 주기도 했다
 그는 “KNN이나 SBS에 대한 언급에서 언론관 (문제가 있다는) 지적이 나온다”는 기자의 질문에 대해서는 “그 질문에는 대답하지 않겠다”고 말했다
 정유경 기자 edge@hani
co
kr",hani,2018.01.22,http://www.hani.co.kr/arti/politics/assembly/828805.html
9,"11일 가상화폐 가격이 한국 정부의 거래소 폐지 추진 방침 등 주요국의 규제 강화 움직임에 따라 급락하고 있다
 특히 한국에서는 비트코인 가격이 2천만 원 선에 이어 1천800만 원 안팎까지 무너져내리며 투자자들이 패닉에 가까운 반응을 보였다
이날 블룸버그가 집계한 비트코인 가격은 오후 2시 35분(이하 한국시간) 현재 전날 저녁보다 약 4% 떨어진 1만3천330달러(약 1천458만 원) 선에서 거래되고 있다
오전 9시께 1만5천 달러 부근으로 올랐다가 오후 1시 17분께 1만2천800달러 선까지 급락했다
이더리움 가격은 오후 2시 25분 현재 3
8% 떨어진 1천216달러 선에 거래되고 있다
 시가총액 기준으로 3대 가상화폐 중 하나인 리플 가격은 상대적으로 가파른 낙폭을 보였다
리플은 18% 폭락한 1
63달러에 거래되고 있다고 블룸버그는 집계했다
 이는 지난 4일 3
317달러에 비해서는 반 토막 수준이다
 한국에서 거래되는 가상화폐 가격은 폭락장세를 나타냈다
 가상화폐 거래소인 빗썸에서 비트코인은 이날 오후 2시 48분 현재 1천782만 원까지 밀렸다
 24시간 전보다 20%가량 폭락한 가격이다
 이날 오전 7시 2천100만 원 대에 거래된 비트코인은 오전 8시40분 무렵 2천만 원 선이 잠시 붕괴됐다가 오전 11시 2천100만 원 선을 다시 회복했지만 정오 무렵부터 미끄러져 내리기 시작했다
 이런 폭락은 한국 법무부가 가상화폐 거래소 폐쇄를 추진하겠다고 밝힌 데 따른것이다
박상기 법무부 장관은 신년 기자간담회에서 ""가상화폐에 대한 우려도 굉장히 커 법무부는 기본적으로 거래소를 통한 가상화폐 거래를 금지하는 법안을 준비 중""이라며 거래소 폐쇄 추진 방침을 밝혔다
중국 당국이 지난 2일 각 지방에 비트코인 채굴 사업에서 질서있는 퇴출을 지시했다는 소식이 월스트리트저널(WSJ) 등 외신을 통해 뒤늦게 보도된 점도 가상화폐 약세에 영향을 미치고 있다
오마하의 현인으로 불리는 워런 버핏(88) 버크셔 해서웨이 회장은 10일(현지시간) CNBC방송에 출연해 ""가상화폐가 나쁜 종말을 맞을 것이라는 점은 분명하다""면서 ""모든 가상화폐에 대해 5년물 풋옵션(자산가격이 내려가면 이익을 얻는 파생상품)을 살 수 있다면 기꺼이 그렇게 할 것""이라고 지적했다
연합뉴스 ",hani,2018.01.11,http://www.hani.co.kr/arti/economy/economy_general/827310.html
10,"  원화가 가상통화(가상화폐) 거래에 쓰이는 3대 통화이고, 특히 비트코인을 제외한 가상통화 거래의 절반 이상이 한국에서 이뤄지는 것으로 나타났다
 또 국가별 가상통화 거래 시장은 경제규모나 금융수준 발전 등으로 설명할 수 없으며, 가격 급등락·투자자 패닉은 새로운 금융시장에서의 일반적인 현상인만큼 이를 감안한 적절한 규제가 필요하다는 지적이 나왔다
  보험연구원 임준환 선임연구위원은 12일 발간 에 수록한 ‘국내 가상화폐 거래의 특징과 시사점’ 보고서에서 “국내 가상화폐시장은 거래 규모가 국내 금융시장이나 다른 국가 가상화폐시장 규모에 비해 상당히 크고, 비트코인 거래 비중이 세계에서 가장 낮다는 특징이 있다”고 밝혔다
 지난해 12월17일 기준 가상화폐 거래액 가운데 비트코인으로 이뤄진 거래액이 67억달러로 가장 많았고 미 달러화 59억달러, 원화 36억달러, 일본 엔화 16억달러 순이었다
 임 연구위원은 “(가상화폐 거래에 많이 쓰인) 비트코인은 이더리움, 리플 등 주요 50개 가상화폐를 매입 또는 매도할 때 화폐처럼 사용되는 유일한 교환수단이고, 달러화는 기축통화”라며 (기축통화도 아닌) 원화 가상화폐 거래액이 유로나 엔화 등 거래액을 능가하는 것은 “다소 기이한 현상”이라고 평가했다
  한국은 다양한 종류의 가상화폐가 가장 활발히 거래되는 나라이기도 했다
 전 세계 가상화폐 거래(금액)에서 비트코인이 차지하는 비중은 63
4%였는데, 국내 시장에서는 그 비중은 32
7%로 낮아졌다
 실제 전 세계 가상화폐 거래액 121억4천만달러 가운데 국내 거래액은 36억1천만달러로 약 30% 수준인데, 비트코인 거래에서는 76억9천만달러 가운데 11억8천만달러로 비중이 15
3%에 불과했다
 대신 비트코인을 제외한 가상화폐는 전체 거래의 54
7%가 한국에서 이뤄졌다
  한국이 경제규모 등에 비해 가상화폐 거래량이 많고, 다양한 가상화폐 거래의 절반 이상을 차지하는 이유는 뭘까
 임 연구위원은 “가상화폐 거래량은 주식시장 거래량, 무역개방도, 금융시장 개방도, 인터넷 활용도가 높을수록 많다고 생각할 수 있겠으나, 국제적으로 비교할 때 일정한 패턴이 없는 것으로 나타났다”고 밝혔다
 외국의 경우를 봐도, 무역·금융시장 개방도와 인터넷 활용도가 낮은 인도네시아는 가상화폐 거래 비중이 주식거래 비중에 비해 크고, 주식시장 규모가 크고 무역·금융개방도와 인터넷 활용도가 높은 유럽연합 국가들은 가상화폐 거래시장 비중이 상대적으로 작더란 얘기다
자료: 임준환 ‘국내 가상화폐거래의 특징과 시사점’( 438호)(※ 그래픽을 누르면 크게 볼 수 있습니다
)   대신에 인터넷에 익숙한 20~30대의 높은 참여도와 블록체인 기술 발전에 대한 낙관적 전망 등으로 인한 초과수요, 중국 등 자국 내 규제를 피해 유입된 해외투자자들, 부화뇌동(herding) 투자심리 등 국내투자자들의 투기적 행위 등이 한국에서의 가상화폐 시장의 과열·과대화 요인으로 파악됐다
 또 지난해 급등한 뒤 올해 절반 이하로 떨어지는 등 가상화폐(비트코인)의 시장 급등락과 투자자들 패닉 현상도 차분하게 관찰할 필요가 있다고 강조됐다
 “가상화폐 투자에서 나타난 과열·패닉 현상은 자연스러운 금융현상이다
 금, 주식시장, 상품거래시장 초기 단계에서도 수요가 확대되는 가운데 공급 제한과 가격상승 기대심리의 상호작용으로 거래량과 가격변동성이 확대되는 현상이 자주 관찰됐다”는 것이다
  임 연구위원은 “가상화폐가 법정화폐로 사용될 수 있는 가능성은 현재로써는 낮지만 향후 화폐로서의 잠재력이 현실화할 가능성을 배제할 수 없”다며 “가상화폐의 건전한 발전을 위해서는 해킹 피해에 노출된 투자자를 보호하기 위한 보안강화 등 적절한 규제가 수반될 필요가 있다”고 지적했다
  이순혁 기자 hyuk@hani
co
kr",hani,2018.02.11,http://www.hani.co.kr/arti/economy/finance/831774.html
11,"정부 ‘가상화폐 대책’ 실무를 총괄했던 정기준 국무조정실 경제조정실장이 18일 오전 서울 자택에서 별세했다
 향년 53세
   정 실장은 이날 새벽 잠을 자다 숨진 채 가족들에게 발견된 것으로 알려졌다
 경찰 관계자는 “(정 실장이) 자다가 심정지가 온 것”이라며 “과로사로 추정하고 있다”고 말했다
 정 실장은 지난달 심장 문제로 병원을 찾았던 것으로 파악됐다
 이 관계자는 “스트레스로 (정 실장의) 건강이 더욱 악화된 것으로 보이지만 정확한 사인은 좀더 조사해봐야 한다”고 설명했다
 국무조정실 쪽에서도 정 실장이 가상화폐 대책 업무 관련 스트레스가 컸던 것으로 전해진다
  지난해 9월 국무조정실 경제조정실장에 임명된 정 실장은 지난해 12월부터 가상화폐 범정부 대책 마련을 위한 실무를 총괄해왔다
 국무조정실은 금융위원회 주도의 가상화폐 범정부 대응 태스크포스(TF) 구성에도 불구하고 비트코인 가격이 급등하자, 지난해 말 가상화폐 범정부 대응 컨트롤타워로 나섰다
 정 실장은 이 과정에서 부처 간 의견 취합 및 조율 작업을 담당했다
   가상화폐 대응과 관련해 정부는 ‘투기 과열 규제’ 기조를 유지하면서도 ‘거래소 폐쇄’, ‘거래실명제 도입’ 등 혼선을 거듭해 여론의 뭇매를 맞았다
 정 실장은 박상천 법무부 장관의 ‘거래소 폐쇄’ 발언을 수습하기 위해 지난달 15일 정부서울청사에서 ‘가상통화에 대한 정부 입장’을 직접 발표하기도 했다
   가상화폐를 둘러싸고 정부 내 ‘사고’도 잇따랐다
 지난해 12월 홍남기 국무조정실장 주재로 열린 ‘가상통화 관계부터 차관회의’ 내용을 담은 정부 가상통화 대책 보도자료 초안이 한 관세청 공무원을 통해 유출된 데 이어, 올해 1월에도 ‘가상화폐에 대한 정부 입장’ 보도자료가 사전 유출된 바 있다
 이 와중에 국무조정실에 파견된 금감원 직원이 정부 대책 발표 직전 가상화폐를 매도했다는 의혹도 제기됐다
  행정고시 32회 출신인 정 실장은 과학기술부를 거쳐 기획재정부에서 국토해양예산과장, 재정정책과장 등을 지냈다
 이어 국회 기획재정위원회 전문위원, 경제협력개발기구(OECD) 한국대표부 공사, 기획재정부 공공정책국장 등을 역임했다
  빈소는 삼성서울병원(장례식장 8호실)에 마련됐고 발인은 20일이다
(02-3410-6908) 김지은 신지민 기자 mirae@hani
co
kr",hani,2018.02.18,http://www.hani.co.kr/arti/politics/administration/832570.html
12,"비트코인
 클립아트코리아 제공
  지난 6일 비트코인이 600만원 중반대까지 추락했지만 가격이 점진적으로 반승해 18일 1200만원까지 반등했다
  이날 오후 국내 가상통화(가상화폐) 거래소(취급업소) 빗썸에선 비트코인이 1220만원대에 거래되고 있다
 각국 규제 목소리가 강화되자 비트코인은 지난 6일 670만원까지 떨어져 비트코인의 채굴 채산성에 대한 우려도 나왔다
 업계에선 코인당 가격이 720~750만원선 아래로 떨어지면, 비트코인을 채굴할수록 손실이라고 본다
   국제 시세도 비슷한 흐름을 보인다
 가상통화 정보업체 코인마켓캡 집계를 보면, 이날 오후 1만750달러선에서 거래되고 있다
 국제 시세도 지난 6일 6200달러선까지 폭락했다가 16일 1만달러선을 회복했다
 한국 가상통화 시장의 과열을 보여주는 지표가 된 ‘김치 프리미엄’은 약 8% 수준이다
지난 한달 비트코인 가격 변동 추이
 6일 670만원대까지 떨어진 가격이 18일 현재 1200만원까지 반등했다
 빗썸 갈무리
 (※ 그래픽을 누르면 크게 볼 수 있습니다
)   이런 가격 반등의 배경엔 앞서 지난 2일 비트코인 가격의 ‘심리적 마지노선’이었던 1000만원대가 깨진 뒤 나흘 만에 600만원대까지 떨어지자 ‘저가매수’에 나선 투자자들이 늘어난 데다 규제 목소리가 다소 누그러지면서 투자 심리가 활성화된 것으로 풀이된다
   반등의 기점이 된 지난 6일 미국 상원 은행위원회가 연 가상통화 청문회는 구체적인 규제책을 논의하는 대신 규제의 필요성을 재확인하는 선에서 마무리됐다
 당시 가상통화 테더를 이용해 거래소 비트피넥스가 시세조작을 했다는 혐의를 받아 ‘테더’ 청문회가 될 것이라는 우려가 팽배했다
 백악관 사이버 담당 책임자인 롭 조이스는 16일 (CNBC) 방송에서 “가상통화의 득과 실을 더 잘 이해할 필요가 있다”며 “미국 정부가 규제를 시작하기엔 갈 길이 멀다”고 말했다
 박수지 기자 suji@hani
co
kr",hani,2018.02.18,http://www.hani.co.kr/arti/economy/finance/832574.html
13,"지난 12월 서울 중구 다동 빗썸 고객센터 앞의 가상화폐 시세판을 시민들이 살펴보고 있다
 박종식 기자 anaki@hani
co
kr  17일 국내 비트코인 가격이 하루 사이에 500만원 가까이 떨어져 1250만원대까지 추락했다
 국제 시세도 28% 급락하면서 1만달러선이 한때 붕괴되기도 했다
 우리나라를 비롯한 각국 가상통화 규제가 조여오면서 가격이 크게 출렁이는 모양새다
   이날 오전 7시30분께 국내 가상통화 거래소 빗썸에서 1비트코인의 가격은 1247만원까지 떨어졌다
 1코인에 2550만원 안팎으로 거래되던 지난 7일 최고점과 비교하면 절반 수준이다
 전날 오전만 하더라도 1800만원대에 거래됐다
 다만 비트코인 가격은 이날 오후 들어선 다소 반등해, 1300만원대에 거래되고 있다
  다른 가상통화들도 폭락했다
 전날 160만원대에 거래되던 이더리움도 이날 오후 40만원가량 떨어져 120만원대에 거래됐다
 지난 7일 4000원을 넘어서던 리플의 가격은 이날 오전 1000원대까지 떨어지면서 두배 넘게 폭락했다
 비트코인캐시, 라이트코인 등 다른 주요 가상통화도 전날 가격에 견줘 30%가량 떨어졌다
최근 1주일 비트코인 가격 추이
 16일 비트코인 가격이 1만달러선까지 떨어졌다
 가상통화 정보업체 코인데스크 갈무리
(*그래픽을 누르면 크게 볼 수 있습니다)   국제 시세도 같은 흐름을 보였다
 가상통화 정보업체 코인데스크에서 비트코인은 16일(현지시각) 1만617달러까지 빠졌다
 이는 지난해 12월 최고치였던 1만9783달러에서 48% 떨어진 가격이다
 가상통화 폭락 장세에 국외 거래소보다 가상통화 시세가 30% 높았던 ‘김치 프리미엄’은 다소 빠졌지만, 이날 오후 국내 비트코인 가격은 국외와 비교할 때 여전히 약 15% 웃돌았다
  가상통화 급락 원인으로는 한국과 중국 당국의 가상통화 규제가 첫손으로 꼽힌다
 국내에선 지난 16일 김동연 부총리 겸 기획재정부 장관이 에 출연해, “가상통화 거래소 폐쇄 옵션도 살아 있다”고 한 발언이 파장을 일으켰다
 또 중국에선 개인 간에 벌어지는 피투피(P2P) 거래 등 장외거래도 규제하겠다고 나섰다
 중국은 이미 가상통화 거래소 운영을 전면 금지한 바 있는데 ‘풍선 효과’로 장외거래가 활발해지자, 다시 규제 강화 카드를 꺼내 든 것이다
   영국 이티엑스(ETX)캐피털의 애널리스트 닐 윌슨은 “세 번째로 큰 시장인 한국의 정부가 가상통화 거래 금지를 검토하고 있고, 중국의 가상통화 채굴 금지 등의 뉴스가 겹치면서 가격 폭락에 직격탄이 됐다”고 에 말했다
 미국 시카고옵션거래소(CBOE)에서 거래되는 비트코인 선물 만기일(17일)을 앞두고 불안 심리가 커졌다는 분석도 나온다
 전날 미국 시카고옵션거래소에서는 비트코인 선물 가격이 20% 급락하면서 거래가 중단되기도 했다
  박수지 기자, 정의길 선임기자 suji@hani
co
kr◎ Weconomy 홈페이지 바로가기: http://www
hani
co
kr/arti/economy◎ Weconomy 페이스북 바로가기: https://www
facebook
com/econohani ",hani,2018.01.17,http://www.hani.co.kr/arti/economy/finance/828153.html
14,"비트코인으로 시작된 암호화폐 열풍이 화폐없는 세상 논의를 촉발시키고 있다
 픽사베이새로운 결제 패러다임의 출현전북대 한국과학문명학연구소 객원연구원 한국에서는 현금보다 신용카드의 비중이 눈에 띄게 늘고 있다
 2016년 가장 많이 이용한 지급수단은 신용카드(50
6%), 현금(26%), 체크?직불카드(15
6%) 순이었 다
 많은 사람들이 신용카드, 모바일 카드 등 디지털화폐를 사용하고, 인터넷뱅킹을 통해 금융 업무를 본다
 회비, 경조사비 등도 모바일 메신저를 이용하고, 백화점, 주유소, 문화상품권 등과 같은 모바일 쿠폰 서비스가 인기를 얻고 있다
  케이뱅크, 토스, 카카오뱅크 등의 인터넷전문은행이 강세를 보이고 있다
 삼성페이, 카카오페이, 네이버페이 등 간편결제서비스 시장이 빠르게 성장하고 있다
 월급도 은행을 통하지 않고 간편결제서비스를 통해서 받을 수 있다
 전세계 25억개 스마트폰을 기반으로 하는 모바일 결제시장은 신용카드의 지불방법보다 더 보편화될 것이다
  대전 한밭레츠, 서울 은평e-품앗이, 화천사랑상품권 등과 같은 지역화폐가 전국 지방자치단체를 포함하여 50여 곳에서 운영되고 있다
 지역화폐는 국가가 발행하는 법정 화폐를 대신하여 특정한 지역 내에서 지역주민들이 돈이 없어도 가상의 공동체화폐로 사용할 수 있다
 지역자원을 순환시키고 지역경제 활성화를 위한 대안화폐이다
  블록체인 기술을 기반으로 만들어진 암호화폐의 대표격인 비트코인의 광풍이 불고 있다
 2009년에 개발된 비트코인 가격이 폭등해 2천5백만원을 돌파하는 등 등락을 거듭하고 있다
 현재 암호화폐는 1275개 종류가 있으며, 이들의 시장규모는 2000억달러를 넘어서 세계 20위권 국가의 통화량에 버금간다
 비트코인으로 실제 물건을 매매할 수 있다
  위와 같은 금융업계에 새로운 패러다임의 등장으로 화폐의 종말을 예견하거나 새로운 대안화폐에 대한 욕구가 분출하고 있다
 “화폐의 종말, 지폐 없는 사회”, “돼지저금통이 사라진다, 현실로 다가온 동전 퇴출 시대”, “디지털뱅크, 은행의 종말을 고하다
”, “비트코인, 미래 화폐로 날개 달까
” “가상 화폐 시장; 결국, ‘종말(終末)의 시작’을 맞는가?”
 화폐 종말에 대한 담론은 정보통신기술의 발달로 물물교환과 신용거래가 전산화됨으로써 종이화폐가 불필요해지고 중앙은행의 입지가 좁아지는 데 있다
 종말 담론은 새로운 사회로의 이행을 전제하고, 한국 사회에서 가장 뜨거운 주제인 비트코인과 동전 없는 사회를 반영하고 있다
 자크 프레스코의 자립형 공동체 ‘비너스 프로젝트’ 상상도
 비너스 프로젝트 웹사이트왜 화폐 없는 사회를 꿈꾸나  한국은행은 동전사용에 따른 불편을 해소하고 동전의 유통·관리 비용을 절감하기 위해 2020년까지 동전 대신 충전식 선불카드에 거스름돈을 입금하는 ‘동전 없는 사회’를 추진하고 있다
 인도는 부정부패를 일소하기 위해 고액권 사용을 금지하면서 전자화폐경제로 넘어가고 있다
 중국에선 QR코드(2차원 바코드) 결제 비중이 40%나 될 정도로 확산되고 있다
 벨기에, 캐나다
 영국, 스웨덴, 덴마크 등 선진국들이 지폐 사용을 제한하고 전자 결제만을 허용하는 방안들을 발표하고 있다
 미래에는 정맥인증, 홍채인식, 음성지문 같은 생체인식기술이 결제시스템에 상용화됨으로써 더욱 완벽한 현금 없는 사회의 도래가 예측된다
 화폐 없는 사회에 대한 비전은 토마스 모어의 와 윌리엄 모리스의 에서 다루고 있다
 의 화폐 없는 사회는 사유재산이 없고 모든 것이 공공 소유이다
 원하는 물건이 있으면 돈이 없이도 상점에서 달라고 하면 된다
 화폐가 없다 보니 사기·절도·강도가 없고 가난 자체가 사라진 사회이다
 미국의 공상과학 TV 시리즈 스타트렉(Star Trek)도 화폐 없는 세상을 그렸다
 시민들은 물질적 소유가 아니라 재능과 지성으로 원하는 것을 얻는다
 로봇과 기계가 물질적 생산을 담당하고 인간은 지적인 활동에만 전념한다
 스타트렉의 선장인 장뤽 피카드는 “우리는 굶주림과 탐욕을 극복했고 물질적 축적에 더 이상 관심을 갖지 않는다”라고 말한다
   화폐 없는 사회에 대한 논의에는 크게 세 가지가 있다
 첫째는 고액권 현금이 없는 사회이다
 케네스 로고프는 에서 소액 동전을 사용하고 고액권의 지폐를 폐지하면 경제가 활성화된다고 주장한다
 고액권의 현찰이 전세계 실물 화폐의 70-80%를 차지하고, 탈세·마약거래·사기·공직부패 등의 범죄에 중요한 역할을 하기 때문이다
 저성장의 시대에 경기회복을 위해서는 마이너스 금리가 도입되어야 하는데, 마이너스 금리정책 실현의 전제조건이 화폐의 종말이다
 종이 화폐 폐지를 예고하면 사람들은 손실을 줄이기 위해 현금을 소비할 것이다
 그리하여 현금 폐지는 소비를 창출하고 생산과 투자를 촉진시켜 경제성장이 가능하다는 것이다
 저성장 시대에 지속적인 성장을 위해서는 현금의 단계적 폐지가 최선이다
   둘째는 비(非)화폐 시스템을 통한 비시장 사회주의(non-market society)이다
 이것은 자본주의 자체에 대한 대안으로 넬슨과 티머만이 편집한 에서 잘 드러난다
 이들에 의하면 오늘날 글로벌 금융위기·환경파괴는 화폐 중심의 자본주의에 기인한다
 화폐는 불평등·경쟁·불신·소외 등을 재생산하는 사회관계를 고착화시킨다
 화폐 단위의 성장이 중요해지면서 인간·자연의 가치보다 화폐의 가치가 더 중요하다
 화폐 대신에 재화와 서비스를 구매할 ‘노동-시간 바우처’를 제시한다
 노동-시간 바우처는 수행된 노동시간에 의해 지불되고, 자본주의에서 화폐와 비슷한 기능을 하지만 유통되지 않고 일단 구매가 성사되면 폐기된다
 상호부조, 호혜성, 자원 재활용, 재생 가능 자원, 농업 생태학에 기반한 집단 자급자족 사회를 지향한다
  미래학자인 자크 프레스코는 ‘자원기반 경제’에 근거한 화폐·가난·전쟁·고통이 없는 유토피아적 공동체를 꿈꿨다
 자본주의나 공산주의에서는 화폐 없는 사회가 작동되지 않기 때문에 자원기반 경제라는 새로운 시스템을 주장한다
 자원기반 경제란 기술의 발달로 자원이 풍부하여 구성원들이 필요한 것을 인공지능 컴퓨터가 공평하게 분배하는 체계이다
 그는 현금이 폐지되어 인간의 탐욕이 사라지고, 인공지능 알고리즘에 의해 자원분배와 의사결정이 최적화되는 정보도시(intelligent city)가 전 세계에 건설되기를 바랬다
 프레스코는 그의 꿈을 실현하기 위하여 미국 플로리다에 에너지효율성이 높고 친환경 자립형 공동체인 ‘비너스 프로젝트’(Venus Project)를 실행하였다
 기술의 진보가 모든 것을 해결할 수 있다는 미국의 전통적인 기술유토피아주의에 기반하고 있다
서울 강남고속버스터미널 지하상가에 비트코인으로 결제가 가능하다고 알리는 홍보물이 설치돼 있다
 연합뉴스돈의 미래에 대한 예측 4가지  현금 없는 사회로의 전환이 꾸준히 진행되고 세계의 금융체계가 더욱 더 복잡한 오늘날 화폐의 미래는 어떻게 될 것인가? 돈의 미래를 예측하는 것은 쉬운 일이 아니다
 돈의 본성·형태·역사가 변화무쌍하기 때문이다
  현금은 더욱 줄어들 것이지만 완전히 사라지지 않는다
 종이 지폐와 동전의 사용은 공짜이기 때문에 수수료를 내는 전자결제에 비해 비용이 들지 않아 매력적이다
 국가가 현금에 사용료를 청구하지 않는 한 현금은 유용한 지불수단이 된다
 2008년 금융위기 이후 금융기관에 대한 불신과 저금리의 추세로 은행에 예금을 해도 큰 이익이 없기 때문에 현금을 계속 사용할 것이다
 현금은 편리성·익명성·신뢰성과 같은 특징 때문에 소액거래의 중요한 수단이 되고, 전자화폐를 지원하고 보완하는 역할을 할 것이다
 1950년대 후반 신용카드가 유행하면서 현금의 종말을 예언하였지만 현금은 여전히 사용되고 있다
   돈의 본성이 변할 것이다
 금융상품과 금융거래가 대부분의 이윤을 창출하는 금융자본주의에서 정보가 부가가치를 창출하는 정보자본주의로 급격히 변해가고 있다
 돈이 일을 하고 현금이 기반이 되는 경제가 무너지고 정보가 일을 하고 데이터가 기반되는 정보자본주의로 전환하고 있다
 예를 들면, 자동차 자체의 소유 가치보다 자동차 사용에 따른 데이터가 더 중요해지면서 교환을 매개로 한 돈의 소유적 가치는 덜 중요하게 된다
 또한 로봇과 자동화가 생산을 담당하면서 인간은 노동보다는 일이나 문화적·정치적 활동에 더 많은 관심을 갖게 되면서 물질보다는 사회적 가치를 중시하게 된다
   국가의 통화 독점에 도전하는 다양한 형태의 민간통화(private currency)가 득세를 할 것이다
 핀테크의 발달로 여러 가지 전자화폐가 개발됨에 따라 통화창출은 점점 사적 영역으로 넘어간다
 은행이나 국가가 아닌 사용자들이 통제하는 공동체 화폐가 활발히 발행될 것이다
 그리하여 국가가 발행하는 법정화폐, 민간화폐, 공동체 화폐간에 경쟁을 하게 된다
 국가는 세금을 걷고 통화주권을 확보하기 위해 다양한 형태의 규제를 동원하여 사적 화폐를 통제할 것이다
 그럼에도 불구하고 통화의 탈영토화·탈국민국가화가 진행됨에 따라 국가의 통화에 대한 통제력은 약화되고 일국적 화폐 공간은 축소될 것이다
 비트코인은 먼 미래에 국제적으로 통용되는 세계통화(universal currency) 중의 하나가 될 것이다
 비트코인은 17세기 네덜란드의 튤립 버블, “최악의 가치 저장소”, “단순한 신기루 현상”일 수도 있고, 미래의 신기술, “삶에 대한 통제권을 돌려받게 되는 P2P(peer-to-peer network) 경제의 희망”일 수도 있다
 비트코인 발전의 원동력은 중앙집권화된 화폐경제체제에 반발하는 벤처 캐피탈·기업가·자유주의 기술자·비트코인 신봉자들의 관심과 투기성향의 구매자들이다
 비트코인의 확산 배경은 화폐의 탈국민국가화와 지구적 화폐의 담론과 밀접한 연관이 있다
 경제적 자유주의자들은 국민국가의 개별통화는 그 거래 비용이 높고 보호주의에 이용되어 글로벌 수준의 경제적 복지 실현에 장애가 된다고 주장한다
 글로벌 경제에서 물물교환에 비트코인과 같은 기술이 이용되면 국가화폐가 필요하지 않다는 것이다
 비트코인은 글로벌 전자금융거래 시스템이고, 중앙 정부나 발행 기관의 통제가 없는 분산 구조의 전자화폐이다
 전 세계의 이용자는 다른 이용자와 시공간을 초월하여 빠르게 거래할 수 있다
   또한 비트코인이 미국 시카고 상업거래소에서 선물거래를 시작하였고 정식 금융투자상품으로 인정받는 분위기이다
 호주는 비트코인을 화폐로 인정하고 비트코인 사업과 거래를 보호한다
 일본과 영국은 비트코인을 수용하고 그것의 통화 기능을 받아들였다
 결국 비트코인이 제도권 금융시장에 진입한 것이다
 비트코인이 화폐가 되는 화폐성은 신뢰성과 깊은 관련이 있다
 만약 비트코인이 일반 대중들로부터 신뢰를 얻고 가치척도·저장과 같은 기능을 수행한다면, 그리고 비트코인이 국가의 이익에 극단적으로 반하지 않는 한 세계통화로 인정 받을 것이다
 비트코인에 대한 광풍과 가격의 불안정성은 미래의 신기술인 블록체인이 새로운 사회에 적응하는 성장통의 일부이다
  현금 없는 사회는 경기 침체 시 중앙은행의 통화정책에 대한 효과를 높일 수 있고, 현금 관련 각종 범죄를 감소시킬 수 있다
 현금 사용과 관련된 사회적 비용도 줄일 수 있다
 하지만 현금 없는 사회가 항상 이상적인 것은 아니다
 전자 거래는 모든 돈이 국가의 통제 하에 있게 되고, 개개인의 금융거래 기록과 개인의 위치를 파악할 수 있어서 완전 감시사회를 확고히 하는 데 도움이 된다
 그리하여 민주주의를 위협하는 요인이 된다
 또한 디지털 접근이 어렵고 문외한인 노인층·빈곤층·불법 이민자·노숙자 등과 같은 소외계층에게 불리한 환경을 조성하게 된다
 소외계층에겐 현금 없는 사회는 불편한 미래이다
손현주/미래학자·전북대 한국과학문명학연구소 객원연구원",hani,2018.01.09,http://www.hani.co.kr/arti/science/future/826877.html
15,"비트코인
 클립아트코리아 제공
  지난 6일 비트코인 가격이 저점을 찍은 뒤 꾸준히 오르자 설 연휴 마지막 날인 18일, 약 한달 만에 국내 비트코인 거래량이 최대치를 찍은 것으로 나타났다
   19일 국내 가상통화(가상화폐) 정보업체 코인에스 집계를 보면, 18일 하루 동안 국내 거래소에서 8만4279비트코인이 거래됐다
 이날 종가인 1221만원으로 계산하면 하루 거래량이 원화로 약 1조290억원이다
 지난 1월20일(8만8293코인) 이후 약 한달 만에 가장 많은 거래량이었다
 이틀 전인 16일 거래량(4만2094코인)보다 절반 가까이 늘었다
 17일 거래량도 5만8329코인에 불과했다
   국내 시장의 과열을 보여주는 ‘김치 프리미엄’도 약 6~7% 붙었다
 지난 6일 비트코인 가격이 폭락했을 땐 국제 시세보다 가격이 더 떨어지는 ‘역프리미엄’ 현상이 나타나기도 했다
 지난 6일 한 때 600만원 후반 대까지 폭락한 것을 고려하면 2주만에 2배 가까운 상승세다
  가격 상승에 따라 거래량도 급증한 것으로 보인다
 최근 급격한 상승세는 앞서 지난 2일 비트코인 가격의 ‘심리적 마지노선’이었던 1000만원대가 깨진 뒤 나흘 만에 600만원대까지 떨어지자 ‘저가매수’에 나선 투자자들이 늘어난 데다 규제 목소리가 다소 누그러지면서 투자 심리가 활성화된 것으로 풀이된다
 반등의 기점이 된 지난 6일 미국 상원 은행위원회가 연 가상통화 청문회는 구체적인 규제책을 논의하는 대신 규제의 필요성을 재확인하는 선에서 마무리됐다
 당시 가상통화 테더를 이용해 거래소 비트피넥스가 시세조작을 했다는 혐의를 받아 ‘테더’ 청문회가 될 것이라는 우려가 팽배했다
 백악관 사이버 담당 책임자인 롭 조이스는 16일 (CNBC) 방송에서 “가상통화의 득과 실을 더 잘 이해할 필요가 있다”며 “미국 정부가 규제를 시작하기엔 갈 길이 멀다”고 말했다
   이날 오전 국내 가상통화 거래소 빗썸 기준 비트코인은 1200만원에 거래되고 있다
  박수지 기자 suji@hani
co
kr◎ Weconomy 홈페이지 바로가기: http://www
hani
co
kr/arti/economy◎ Weconomy 페이스북 바로가기: https://www
facebook
com/econohani ",hani,2018.02.19,http://www.hani.co.kr/arti/economy/finance/832666.html
16,"박상기 법무부장관이 최근 가상통화 거래소 폐쇄 방침을 밝히고 난뒤 정부 부처 내 혼선을 빚다가, 지난 15일 다시 정부 규제 대책 논의가 원점으로 돌아갔다
  자료 사진
  법무부가 가상통화의 위험성을 여러 차례 경고해 국민들이 시장에서 빠져나오도록 한 뒤 거래 금지 입법을 추진하기로 방침을 세운 것으로 알려졌다
 &lt;머니투데이&gt;는 15일 법무부의 ‘가상통화 거래 금지 검토 필요성’이라는 제목의 문건을 입수했다고 보도했다
 보도를 보면, 법무부는 “선량한 국민이 사행성 가상통화 사기 및 투기에 빠지지 않게 하고, 기존 투자자들이 그곳에서 빠져나오도록 하기 위해 가상통화 위험성을 경고할 필요가 있다”며 “이러한 자료를 수회 배포해 선량한 국민들이 사행적 투기판에서 빠져나갈 수 있는 시간을 부여해 연착륙하도록 한 후 거래 금지 입법을 마련하는 방안이 타당하다”고 밝혔다
 여러 차례 경고를 통해 가상통화 투자자들의 이탈을 유도한 뒤 가상통화 거래 사이트 폐쇄 등의 입법을 추진해야 한다는 뜻이다
 법무부는 또 “비트코인 1개의 가격이 지난해 12월7일 1800만원에서 하루만에 2500만원으로 폭등했다가 법무부 등이 거래 금지를 검토한다는 보도가 나오자 12월9일 1800만원으로 안정화됐다”며 “이 보도가 없었다면 (비트코인의 가격이) 12월10일까지 4000만원을 돌파할 기세였다”고 적기도 했다
 법무부는 “국내 사행성 가상통화 거래소는 13개 이상으로 관련 법규가 없어 아무런 인허가 없이 임의로 개설된 것”이라며 “사행성 가상통화 1일 거래금액은 5조원 이상으로 코스닥 1일 거래액 2조4000억원을 초과하는 등 거래규모가 상상을 초월할 정도로 확대되고 있어 시급한 입법 규제가 필요하다”고 강조했다
 문건은 아울러 “가상통화는 미래의 화폐 또는 금이 될 수 없다”며 그 근거로 △국가통화는 발행국가의 신용과 법적 강제에 의해 가치와 강제통용, 추가발행이 보장되는 반면 가상통화는 권리의무관계 등 내재 가치가 전무하고 가치나 강제통용을 보증할 국가나 기관이 없다는 점 △누구나 발행할 수 있어 그 종류를 한정할 수 없고, 유사한 가상통화의 발행이 무분별하게 계속되는 것을 막을 수 없다는 점 △블록체인 기술은 가상통화의 안전한 거래를 보증할 뿐 가상통화 자체의 가치를 보증하지 않는다는 점 등을 제시했다
 법무부는 그러면서 “가상통화 거래의 이상과열과 사행성 투기거래로 인한 국민들의 피해를 막기 위해 가상통화 거래 금지를 검토할 필요가 있다”며 이를 위해 특별법을 제정하는 방안을 제시했다
 특별법을 통해 금지할 행위로는 △가상통화 중개·알선영업 △가상통화 판매·판매대행영업 △가상통화 발행 관련 자금모집행위(ICO) 등을 들었다
 다만 개인적으로 가상통화를 구입하거나 판매하는 개인을 처벌하려는 것은 아니라고 단서를 달았다
 실제로 법무부는 문건에 따라 최근 ‘누구든지 거래소를 통해 가상증표의 발행·보관·관리·교환·알선 또는 중개 등의 행위를 하여서는 아니된다’는 조항을 담은 ‘가상증표 거래의 규제에 관한 법률’ 제정안의 초안을 마련했다
 법안이 원안대로 제정된다면 시행일 이후 영업을 계속하는 가상통화 거래사이트는 전부 불법이 된다
 벌칙은 양벌규정에 따라 거래사이트와 거래사이트 대표 모두에게 적용된다
 거래사이트의 경우 수수료 등 명목으로 거둬들인 수익은 전부 몰수 또는 추징되고, 거래사이트 대표는 7년 이하의 징역형에 처해진다
 다만 해외 거래사이트나 P2P(개인 간 거래)를 통한 가상통화 거래는 특별법상 금지 대상에서 제외된다
 이재훈 기자 nang@hani
co
kr",hani,2018.01.16,http://www.hani.co.kr/arti/society/society_general/827962.html
17,"청와대 국민청원 갈무리  최근 정부의 가상통화(암호화폐)에 대한 규제가 강화되면서 이에 반발하며 ‘관료 해임’과 ‘정권 심판’까지 외치는 이들과 강력한 규제를 요청하는 국민청원으로 청와대 게시판이 시끄럽다
 청와대 국민청원 참여인원이 20만명이 넘을 경우 청와대가 답변을 하게 된다
    11일 오전 현재 청와대 국민청원 누리집에 ‘가상화폐’로 검색하면 게시글 571건이 나오는데, 최근 1주간 올라온 글만 238건으로 절반에 육박한다
 ‘암호화폐’로 검색하면 102건이 나오고, 최근 1주일새 49건이 올라왔다
 ‘가상통화 광풍’에 정부가 관련 기관을 동원하며 가상통화 거래소를 중심으로 전방위 압박하면서 청와대로 향하는 청원글이 많아진 것으로 보인다
  이 가운데 가장 많은 지지를 얻은 게시글은 지난 9일 올라온 ‘암호화폐 투자자는 관료들이 말하는 개돼지가 아니라 문재인 대통령을 만든 핵심지지층인 국민들입니다’라는 제목의 글이다
 3일 만에 1만명 가까이 참여한 이 글의 청원자는 ‘규제 반대’를 주장하며 금융 관료 해임까지 요구했다
 청원자는 “암호화폐 투자자들이 투기꾼으로 매도당하고 있다
 300만 투자 인구 대부분은 대통령을 지지하는 젊은층이며 투기꾼이 아니라 국민”이라고 썼다
 이어 최종구 금융위원장과 최흥식 금융감독원장이 블록체인과 비트코인에 대한 전문성이 부족하다며 해임을 요구했다
 이밖에도 가상통화 규제를 지속하면 “다음 지방선거에서 심판하겠다”는 등의 글이 같은 주장을 하며 꾸준히 올라오고 있다
   반면 가상통화 규제를 더 강력히 실시해야 한다는 의견도 있다
 ‘가상화폐 강력 규제 요청’이라는 제목으로 글을 올린 청원자는 “(현재 가상화폐는) 단순히 투기를 위한 단기 차액과 버블을 위한 거래는 아닌가”라며 “결과적으로 그 버블이 해제 되었을때 막대한 손실과 망한 투기자를을 살리기 위한 공적 자금이 또다시 투입될 것”이라고 썼다
 이어 “결과적으로 이 도박판에 참여하지 않고 건실하게 세금내며 살아온 사람들이 또다시 역차별 받는 상황이 반목될 가능성이 다분한 만큼 부디 강력한 규제와 통재를 통해 가상화폐의 원천기술이 부각되고 일확천금을 노리는 투기자들이 역으로 이익을 보는 사태를 미연에 방지해야 한다”며 정부의 규제를 강화할 것을 요청했다
   가상통화 거래소에 대한 ‘관리’를 정부에 요청하는 글도 있다
 한 청원자는 “거래소들이 대부분의 책임 소재를 소비자들에게 떠넘기고 문제가 있는 부분에 대해 제대로 된 보상조차 하지 않고 있는 것이 현실”이라며 “모든 책임은 소비자들에게 지우고 고객에 대한 응대는 제로인 수수료만 받겠다는 현재의 거래소들의 정책은 분명 불공정 거래이며 영업정지 등의 제재를 가해야 한다“고 썼다
 18살 고등학생이라고 밝힌 한 청원자도 “(정부의 가상화폐에 대한) 접근 방법으로는 투기를 막을 수 없습니다
 이는 ‘게임 중독 문제가 심각하니, 게임을 금지시킨다’의 대처와 다를 바가 없는 정책”이라고 꼬집으며, 고액투자자의 경우 투자계획서를 받거나 ICO(코인공개) 전면 금지 대신 개발자의 계획을 받고 ‘조건부 허용’하자는 아이디어를 내놓기도 했다
   박수지 기자 suji@hani
co
kr",hani,2018.01.11,http://www.hani.co.kr/arti/economy/finance/827283.html
18,"가상화폐(암호화폐·가상통화) 대장 격인 비트코인이 연저점을 경신하며 하락세를 보이고 있다
 6일 가상화폐 거래소 빗썸에 따르면 비트코인은 이날 오전 8시30분께 코인당 763만5천원까지 내려 이른바 검은 금요일이었던 지난 2일에 기록했던 연저점인 768만6천00원을 경신했다
 이어 잠시 반등하다가 다시 하락하며 정오께 700만원 밑으로 내렸다
오후 1시10분 현재 680만원 내외에서 거래되고 있다
비트코인의 약세는 최근 가상화폐를 둘러싼 악재가 연이어 쏟아진 탓으로 풀이된다
 한국과 미국 등 주요국가에서 가상화폐 규제의 고삐를 조이고 있고 일본의 가상화폐 거래소 코인체크의 해킹으로 5천700억원대 가상화폐가 도난당해 투자자들의 불안감이 커졌다
 여기에 미국의 테더 코인을 둘러싼 가격조작 의혹으로 가상화폐의 신뢰도도 떨어지고 최근 미국과 영국의 은행들이 신용카드로 가상화폐를 사는 것을 금지해 가상화폐 거래를 부정적인 영향을 줬다
 오후 1시 10분 현재 이더리움(-24
7%), 리플(-20
9%), 라이트코인(-24
9%), 이오스(-24
4%) 등 다른 가상화폐도 전일 같은 시간 대비로 급락하고 있다
 연합뉴스      ",hani,2018.02.06,http://www.hani.co.kr/arti/economy/stock/831035.html
19,"정부가 비트코인 등 가상통화(암호화폐) 정책과 관련해 거래의 불투명성과 불법행위는 막되, 거래 기반기술인 블록체인 기술은 적극 육성하겠다는 답변을 내놨다
  청와대는 14일 가상화폐 규제 반대를 뼈대로 한 청와대 홈페이지 국민청원에 대한 홍남기 국무조정실장의 답변을 공개했다
 홍 실장은 “가상통화 거래 과정에서의 불법행위와 불투명성은 막고, 블록체인 기술은 적극 육성해 나간다는 게 정부의 기본 방침”이라며 “현행법 테두리 내에서 가상통화 거래를 투명화하는 것을 최우선 과제로 두고 있다”고 말했다
 이 청원에는 한 달 동안 28만8천여명이 참여해 정부의 답변 기준(20만명 이상)을 충족했다
 그동안 정부 안의 여러 의견을 종합해 대책을 마련해온 홍 실장이 답변에 나선 것이다
   홍 실장은 “시장 상황과 국제 동향 등을 주시하며 모든 수단을 다 열어놓고 세심하고 신중하게 접근하고 있다”며 “최근 현장 점검을 통해 드러난 가상통화 취급업소의 불법행위와 불투명한 운영 및 취약한 보안조치 등에 대해 정부가 엄정히 대응해 개선 조치가 이뤄지고 있다”고 설명했다
 그는 “선의의 피해자가 발생하지 않게 단속하고 사법처리 하는 것은 정부의 당연한 역할”이라며 가상통화 취급업소의 불공정 행위에 단호하게 대응하겠다고 밝혔다
   이어 정부 규제로 가상통화 기반기술인 블록체인 기술이 위축될 것이라는 일각의 우려에 “블록체인 기술은 물류·보안·의류 등 여러 산업과 접목해 유용하게 활용될 수 있는 4차산업혁명 시대 핵심기술로, 올해 블록체인 관련 예산을 크게 늘렸고 상반기에 블록체인 산업발전 기본계획도 발표할 것”이라고 덧붙였다
   홍 실장은 또 “가상통화는 국경이 없는 문제로 최근 주요 20개국(G20)을 중심으로 국제적 논의가 시작되고 있고, 우리 정부도 적극적으로 참여할 예정”이라며 “하루에도 여러 번 크게 변동하는 시장인 만큼 참여자는 신중히 판단해 달라""고 당부했다
 자료사진  김보협 기자 bhkim@hani
co
kr",hani,2018.02.14,http://www.hani.co.kr/arti/politics/politics_general/832247.html
20,"  이본영   국제뉴스팀장   집단적 분노는 사회 진보의 동력이다
 사례는 무수하다
 바로 그게 문재인 대통령의 지지율을 타격했다
 정치는 분노의 조직화다
 문 대통령으로서는 그 흐름을 타다 돌연 분노의 역류에 휘말렸다
  다수의 논자가 분석을 위해 세대론을 꺼냈다
 20~30대의 반란이란다
 대통령을 떠받쳐온 세대의 이반을 무겁게 받아들여야 한다는 말은 지당하다
 비트코인 규제 시도, 여자 아이스하키 단일팀을 비롯한 북한의 평창겨울올림픽 참가 논란이 사회적 분노의 양대 축으로 운위된다
  집단적 분노는 기본적 정당성을 소유하는 경우가 많다
 사람은 집단에서 자기 정체성을 찾는다
 그리고 불의와 불평등을 배척하는 성향을 지녔다
 누군가가 당한 불의는 곧 집단 전체에 대한 모욕이고 도발이다
 분노와 행동은 확장된 자기를 위한 투쟁인 동시에 이타성과 정의에 대한 갈구라는 숭고함이 깃든 경우가 많다
 1987년의 박종철과 이한열의 죽음에 대한 학생들의 분노, 7년 전 ‘아랍의 봄’을 연 튀니지 행상의 분신에 대한 민중의 분노 같은 것이다
 자기 그룹이 구조적으로 억압당하고 차별받는다는 인식이 팽배하면 분노의 에너지는 커진다
 세계를 휩쓰는 ‘미투’ 운동도 그렇다
  ‘모든 집단적 분노가 정당한가’보다 유용한 질문은 방향과 요구까지 포함한 분노의 표출이 적절하고 정당한가이다
 분노 자체는 자연발생적이고 즉각적이라 이성의 개입이 제한된다
 기왕 터진 분노가 어디로 향해야 할지, 어떻게 달래고 해결하는 게 바람직한지가 관건이다
 아리스토텔레스는 “누구나 분노할 수 있으며, 그러기 쉽다”고 했다
 한데 “적절한 상대에 대해, 적절한 정도로, 적절한 시점에, 적절한 목적으로, 적절한 방식으로 분노하기는 어려우며, 모두가 그런 능력을 지니지는 못한다”고 했다
  비트코인 투자자들이 ‘국가가 언제 헛된 희망이나마 품게 해줬냐’고 항변하는 것은 정당하다
 신분 상승 사다리는 밑 칸이 사라졌다
 능력주의가 비집고 들어가야 할 좁은 입구에는 배경과 연줄이 독사처럼 똬리를 틀고 앉았다
 그러나 내 이익이 궁극적으로 누군가의 희생을 전제하는 방식으로는 사회경제적 문제 해소의 가능성을 발견할 수 없다
 극소수의 대박을 위해 다수가 눈물을 흘릴 수 있다
  북한의 평창올림픽 참가가 싸늘한 반응을 만난 것은 갑자기 웃는 얼굴로 바꾸기가 어려운 이들이 많아서이기도 하다
 남쪽에서 보기에 만들면 안 될 무기를 만들어 풍파를 일으킨 것은 북쪽이다
 그에 대한 분노도 정당하고 자연스럽다
 이제 분단 73년이다
 한 사람이 나고 졌을 만한 시간이 흘러 ‘남한만의 민족주의’도 고착되는 느낌이다
 하지만 폭발력 높은 가스로 가득 찬 방에는 분노의 불꽃을 던질 게 아니라 구멍으로 가스를 빼내야 한다
 멀리서 ‘화염과 분노’를 날릴 수 있는 쪽과 우리는 다르다
  이 와중에 풀무질에 열심인 일부 언론의 노력이 눈물겹다
 이들에게는 좌파의 선동에 곧잘 넘어가던 젊은이들이 현대적 개인주의를 체득한 신인류로 일변했다
 개인주의에도 등급이 있어, 좌파 정부를 공격하는 개인주의는 최상급인가 보다
 마침 지금의 20대는 ‘586세대’가 부모인 경우가 꽤 될 테니 프레임 짜기의 명수들이 이걸 놓칠 리 없다
 그런데 왜 젊은이들의 좌절에 깊이 공감하는 듯한 이들은 최저임금, 비정규직 정규직화, 부동산 문제에는 다른 얘기를 할까? 왜 ‘매력 공세’를 비난하면서 자신들이 소유한 종편은 현송월 단장 꽁무니를 주야장천 쫓았을까? 감시하려고? 정치적, 상업적 목적으로 정당한 분노를 부당하게 이용하려는 야바위이자 뻔한 이이제이 수법이다
ebon@hani
co
kr",hani,2018.01.30,http://www.hani.co.kr/arti/opinion/column/830089.html
21,"서울 중구에 있는 가상통화 거래소
 백소아 기자 thanks@hani
co
kr  환전 영업을 하는 ㄱ사는 일본에서 한국으로 돈을 보내기 원하는 사람들의 엔화를 모아 가상통화(가상화폐)를 샀다
 원화로 환산하면 98억원어치다
 이를 가상통화를 담아 두는 ㄱ사의 일본 전자지갑에 넣어뒀다가 한국 전자지갑으로 옮겼다
 국내에 있는 가상통화 거래소에서 이를 판매해 현금으로 바꿔 송금 의뢰자들이 지정한 계좌로 이체시키는 ‘불법 환치기’를 했다
 전자지갑을 통해 가상통화를 쉽게 이동시킬 수 있다는 점을 악용한 것이다
 불법 환치기는 은행 등 허가받은 기관을 통하지 않고 외환거래를 하는 것을 말한다
 관세청은 가상통화를 이용한 환치기·원정투기를 무더기로 적발했다
 거래액만 1700억여원에 달하는 대규모 불법 외환거래다
 관세청은 가상통화 등을 이용한 무등록 외국환업무(환치기)와 원정투기 등에 대한 특별 단속을 벌여 지금까지 총 6375억원 상당의 외환 범죄를 적발했다고 31일 밝혔다
 이 가운데 가상화폐와 관련된 불법 거래 규모는 총 1770억원에 달한다
   ㄱ사 사례와 같이 가상통화를 환치기 통로로 이용한 액수만 118억원이다
 가상통화 시세차익이 높다 보니, 환전영업자가 가상통화를 이용해 환치기를 한 뒤 송금 수수료 대신 시세차익만 가져가는 계약을 하기도 한다
 관세청 관계자는 “최근 중국의 가상통화에 대한 강력한 규제로 현금화가 불가능하다
 가상통화를 국내로 반입해 현금화한 뒤 환치기 등으로 불법 반출할 가능성이 더욱 커지고 있다”고 말했다
   또 국내에서 국외 가상통화 구매를 위한 은행송금이 어려워지자, 페이퍼컴퍼니를 만들어 무역계약을 했다고 거짓으로 꾸며 돈을 빼돌리는 신종 수법도 적발됐다
 ㄴ사는 국외에서 비트코인을 살 목적으로 싱가포르에 페이퍼컴퍼니를 만들고 소프트웨어 구매 계약서를 은행에 제출해 수백차례에 걸쳐 약 1647억원을 국외 계좌로 송금했다
 이 돈으로 비트코인을 샀으며, 국내 전자지갑으로 가상통화를 보낸 뒤 거래소에서 팔아 현금화했다
 국외 송금액 가운데 5억원은 비밀계좌로 빼돌려 적발되기도 했다
 가상통화 원정투기는 여행경비·무역대금 등 명목으로 반출한 고액의 현금으로 타이·홍콩 등지에서 가상통화를 산 뒤 국내로 전송·판매해 차익을 실현하는 수법이다
 같은 가상통화라도 국내에서 거래되는 코인은 30%가량 비싼 이른바 ‘김치 프리미엄’을 노린 것이다
   관세청은 고액의 현금을 여행경비 명목으로 들고 나가 국외에서 가상화폐를 구매한 뒤 한국에서 원화로 환전하는 수법의 원정투기에 대해서도 조사를 진행 중이다
 관세청 관계자는 “밀수담배, 마약 등 불법 물품의 거래 자금으로 가상화폐를 이용하는 행위를 정밀 분석하는 등 앞으로 지속적인 단속을 벌일 계획”이라고 말했다
  김소연 기자 dandy@hani
co
kr",hani,2018.01.31,http://www.hani.co.kr/arti/economy/finance/830236.html
22,"한동안 침체에 빠졌던 가상화폐(암호화폐) 시장이 반등하면서 비트코인 가격이 다시 1천만원 선을 넘겼다
10일 국내 가상화폐 거래소 빗썸에 따르면 비트코인 가격은 이날 오후 2시 40분 현재 전날보다 13
53% 오른 1040만1천원에 거래되고 있다
비트코인 가격이 1천만원을 넘긴 것은 지난 4일 이후 엿새 만에 처음 있는 일이다
최근 국내외 규제와 일본의 가상화폐 거래소 코인체크의 해킹, 미국 테더코인 가격조작 의혹 등이 겹치면서 비트코인 가격은 660만원까지 떨어지며 연저점을 기록했다
가상화폐 투자 광풍이 열기를 더하면서 비트코인 가격이 올해 초 2598만8천원까지 올랐던 것을 고려하면 한 달도 안 되는 사이에 4분의 1토막 난 셈이었다
추락하던 비트코인 가격이 다시 반등하게 된 것은 미국 상원 은행위원회 청문회의 영향이 컸다
6일(이하 현지시간) 크리스토퍼 지안 카를로 상품선물거래위원회(CFTC) 회장과 제이 클레이턴 증권거래위원회(SEC) 회장이 참석한 이 청문회에서 의회의 긍정적인 기류가 감지되면서 가상화폐 가격이 오르기 시작했다
최근 글로벌 증시불안 속에 투자자들이 대체 투자처로 가상화폐 시장을 찾았다는 해석도 나온다
미국 뉴욕증권거래소의 다우존스 30 산업평균지수는 5일 4
6% 급락한 데 이어 9일에도 4
15% 하락 마감했다
 이 영향으로 한국 코스피와 일본 닛케이평균주가도 함께 흔들렸다
가상화폐 지지자들은 가상화폐 시장이 증시 급등락에 영향을 받지 않아 위험을 분산할 수 있는 투자처라고 보고 있다
  연합뉴스 ",hani,2018.02.10,http://www.hani.co.kr/arti/economy/economy_general/831740.html
23,"이주열 한국은행 총재가 18일 금융통화위원회 회의 직후, 기자간담회를 열고 있다
 한은 제공 사진
  미래에 화폐로서의 구실을 할 것이라는 기대감 등을 안고 가격이 치솟는 가상통화에 대해, ‘법정 통화’를 발행하는 중앙은행 총재가 “가상통화는 화폐로서의 기능을 하지 못한다”고 잘라 말했다
 또 가상통화 가격 급변동이 금융안정을 훼손할 가능성도 작다는 의견을 밝혔다
   이주열 한국은행 총재는 18일 금융통화위원회 정례회의 뒤 연 기자간담회에서 “가상통화는 법적 지급 수단을 갖지 못할 뿐만 아니라 (가치 저장이나 교환의 매개로서의) 화폐 기능도 못 한다”고 진단했다
 가상통화의 대표 격인 비트코인은 법정 통화를 대체하는 화폐의 지위를 누릴 것이라는 기대 속에 지난 한 해 동안에만 20배 가까이 가격이 폭등했다
  이 총재는 또 “가상통화에 대한 투자를 금지해서 오는 가격 변동 충격이 금융안정을 저해할 가능성은 현재로서는 제한적”이라고 밝혔다
 그는 “(현 상황은) 투기적 성격이 더해져 과열 양상을 보이는 것 같다”면서도 “관련 통계나 정보가 미비해 (경제에 미치는 영향은) 구체적으로 설명하기 어렵다”고 덧붙였다
  청소년까지 가상통화 투자에 뛰어들며 투기 붐이 관찰되고는 있으나 가격이 폭등 또는 폭락을 하더라도 금융시스템엔 별다른 영향을 주지 않는다는 취지의 설명이다
 이는 금융시스템 훼손의 연결고리인 은행 등 금융기관이 가상통화 거래와 보유 자체가 현재 금지돼 있기 때문이다
 또 소비나 다른 금융투자 시장에 미칠 영향을 따지기에는 가상통화 거래 시장을 분석할 수 있는 통계 인프라가 구축돼 있지 않은 현실도 염두에 둔 발언으로 풀이된다
  이 총재는 ‘정부의 대응이 오락가락한다’는 지적에 대해선 “그런 비판에 대해선 공개적으로 언급하는 것이 적절치 않아 보인다
 다만 가격이 급등락하면서 정부가 소비자 보호 차원에서 규제를 하려는 것인데 이는 당연한 대응”이라고 피해갔다
 한은도 국무조정실이 주관하는 ‘범정부 가상통화 태스크포스(TF)’에 참여하고 있다
   이날 국회 정무위원회는 홍남기 국무조정실장과 최종구 금융위원장 등을 불러 정부의 가상통화 대응 관련 보고를 받았다
 이 자리에서 국무조정실에 파견 근무 중인 금융감독원의 한 직원이 정부의 가상통화 대책 발표 전에 보유하던 가상통화를 매도한 사실이 드러나 논란이 일기도 했다
 금감원 조사 결과, 해당 직원은 지난해 7월부터 12월11일까지 총 1300만원을 투자해 700만원의 수익을 올렸다
 공무원이나 금감원 직원의 가상통화 거래는 법적으로 금지된 것은 아니지만, 해당 대책을 만들고 있다는 점에서 비판은 커질 것으로 보인다
 김경락 한광덕 김규남 기자 sp96@hani
co
kr",hani,2018.01.18,http://www.hani.co.kr/arti/economy/finance/828413.html
24,"  ‘비트코인 광풍’의 원인 중 하나로 ‘포모 증후군’이 거론된다
 포모(FOMO)는 ‘Fear Of Missing Out’의 약자이다
 자신만 세상의 흐름을 놓치고 있다는 불안감이나 두려움을 뜻한다
 우리말로는 ‘소외 공포증’ 정도로 번역할 수 있겠다
  포모는 애초 기업의 마케팅 기법에서 유래됐다
 소비자들의 마음을 조급하게 만들어 상품 판매를 촉진하는 방법이다
 예를 들어 ‘매진 임박’ ‘마지막 세일’ ‘한정 판매’ 등의 광고 문구로 지금 바로 구입하지 않으면 더는 기회가 없을 것 같은 분위기를 만들어 소비자들의 지갑을 열게 하는 것이다
  2000년대 중반 이후 미국 하버드대와 영국 옥스퍼드대 등에서 포모를 사회병리 현상의 하나로 연구하면서 ‘포모 증후군’이란 용어가 나왔고, 사회관계망서비스(SNS)가 확산되면서 주목받기 시작했다
 에스엔에스에 접속하지 못하면 마치 집단에서 소외되는 것 같은 불안감을 느껴 에스엔에스에 강박적으로 매달리다가 결국 중독으로 이어지게 된다는 것이다
 미국에서는 성인 인구의 50% 이상이 포모 증후군에 시달리고 있다는 조사 결과도 있다
  비트코인에 투자해 수천만원에서 많게는 수백억원까지 벌었다는 소문들이 퍼지면서 가상통화 투자에도 포모 증후군 현상이 나타나고 있다
 가상통화에 관심이 없던 사람들이 “이러다 나만 손해 보는 거 아냐”라는 상대적 박탈감에 빠져 가상통화 시장에 뛰어들고 있다
 신규 투자자들이 들어와 비싼 값에도 매수에 나서면 값이 더 오르고 가격 급등은 또 다른 투자자들을 끌어모으는 악순환이 발생하고 있다
   가상통화에 대한 찬반 입장을 떠나, 거품이 많이 끼어 있다는 데는 대부분 동의한다
 거품은 반드시 터지기 마련이다
 신규 투자자 유입이 끊어지는 순간 악몽이 현실이 된다
 역사의 교훈이다
 다만 언제 터질지, 또 누가 마지막으로 폭탄을 떠안게 될지는 정확히 예측하기 어렵다
 묻지마식 추격 매수가 위험한 이유다
  안재승 논설위원 jsahn@hani
co
kr▶ 관련 기사 : 정부 10여차례 경고에도 ‘가상통화’로 돈 몰리는 3가지 이유▶ 관련 기사 : 가상통화 투자 ‘지구촌이 들썩’…국제 ‘규제 공조’ 본격화 될까",hani,2018.01.14,http://www.hani.co.kr/arti/opinion/column/827669.html
25,"서울 한 가상통화 거래소의 시세 전광판 모습
  자료사진  해외 노동자의 본국 송금 용도 등으로 가상통화(가상화폐) 사용이 널리 퍼진 동남아시아 각국에서도 가상통화 대응방안 논의가 활발하다는 내용을 담은 보고서가 나왔다
 가상통화가 국경을 넘어 거래되고, 각 나라가 규제 대책을 고심하고 있는만큼 우리정부도 국제 공조에 적극적으로 나서야 한다는 제안도 담겼다
  8일 대외경제정책연구원이 낸 ‘가상통화 관련 주요국의 정책현황과 시사점’ 보고서를 보면 최근 동남아 국가의 중앙은행과 정부는 자금세탁, 테러단체 지원, 조세회피 등을 막는데 초점을 맞춘 가상통화 대응방안을 만들고 있다
   이들 국가의 경우 해외 노동자나 외국인 관광객이 높은 송금수수료를 절약하기 위해 가상통화를 많이 활용하고 있는 것으로 조사됐다
 기존 제도권 금융보다 가상통화 거래에 대한 접근이 쉬운 편이라는 점도 이 지역에서 가상통화가 널리 퍼지고 있는 배경으로 꼽혔다
 보고서는 또 가상통화 거래가 활발했던 중국과 한국이 규제 수위를 높이면서 아직 규제가 상대적으로 느슨한 동남아가 거래 루트로 활용되고 있다는 점도 이 지역 가상통화 사용이 활발한 이유로 짚었다
  가상통화 사용에 대한 동남아 각국의 대응은 불법 규정부터 용인까지 다양하다
 인도네시아 중앙은행은 지난해 11월 “가상통화를 정식 결제수단으로 인정하지 않는다”고 발표하며 가상통화의 매매와 거래를 불법화 했고, 이에 따라 가상통화 거래소 업무도 중단했다
 현재까지 가상통화 거래를 인정하지 않는 말레이시아 중앙은행은 조만간 법적 의무나 요구조건 등을 담은 가상통화 가이드라인을 발표할 계획이다
   반면 필리핀 중앙은행의 경우 지난달 내부통제시스템과 리스크 관리 등 일정한 요건을 바탕으로 가상통화 거래의 합법성을 인정했다
 태국도 일단 가상통화를 용인한 상태에서 중앙은행을 중심으로 가상통화를 지불방법으로 사용할 수 있는지 등에 대한 연구를 진행하고 있다
  가상통화 제도가 어느정도 갖춰진 일본이나 미국은 각종 가상통화 관련 사고 대응에 분주하다
 비트코인 거래량 1위 국가인 일본은 지난달 가상통화 거래소 외부해킹을 통한 도난 사건이 벌어지자, 지난해 4월부터 시행된 관련 법안에 따라 해당거래소에 대한 사고 원인 보고 요구, 업무개선명령 등을 내렸다
 이와 함께 금융청에 등록된 가상화폐 교환업자 등 32곳을 대상으로 긴급조사를 실시할 계획이다
  미국에서는 가상통화공개(ICO)를 통해 투자자를 끌어모으는 기관들의 사기 혐의 기소가 이어지며 제이 클레이튼 증권거래위원회(SEC) 의장이 “다수 가상통화공개가 미 연방증권법에 의거하지 않은 형태로 진행되고 있고 투자자들이 손실을 자체적으로 감당해야 한다”고 경고하는 등 대응 수위를 높이고 있다
 지난해 9월 금융리스크방지와 위안화 환율 안정 등을 목적으로 가상통화 거래와 사용을 금지한 중국은 최근까지도 불법적으로 활동하는 가상통화 지급결제 서비스에 대한 단속을 이어가고 있다
  보고서는 이같은 세계 각국의 가상통화 대응을 전한 뒤, “익명성과 거래 수월성으로 인해 개별 국가의 가상통화 관련 정책이 실효성을 가지려면 국제공조가 필수적”이라며 “프랑스와 독일 정부가 올해 3월 개최될 G20 재무장관·중앙은행 총재 회의에서 공동으로 규제안을 제안할 예정인만큼 우리 정부도 관련 논의에 미리 참여해 입장을 적극적으로 반영할 필요가 있다”고 제안했다
 방준호 기자 whorun@hani
co
kr",hani,2018.02.08,http://www.hani.co.kr/arti/economy/economy_general/831420.html
26,"(※ 클릭하면 확대됩니다)   요즈음 최고의 화제는 단연 비트코인과 암호화폐(가상통화)입니다
 비트코인에 투자해서 횡재를 했다는 얘기와 전 재산을 묶어뒀는데 가격이 하락해 전전긍긍하고 있다는 사연, 곧 폭락할 것이라는 우려와 정부의 정책 혼선까지…
 가히 폭발적 투기에 등장하는 모든 드라마 요소를 다 갖춘 듯합니다
 오늘은 경제적 측면에 초점을 두고 이를 살펴보려고 합니다
버블, 버블, 버블  현재의 상태는 버블(거품)일까요? ‘어떤 재화의 가격이 고유한 가치(fundamental value)에서 크게 벗어나 치솟은 상태’라는 버블의 정의로 판단해 보면, 가격이 크게 치솟았다는 것은 분명합니다
 2010년 여름 5센트에 불과하던 비트코인의 가격이 지난해 말 2만달러 가까이까지 치솟았습니다
 8년 만에 수십만배 오른 것이고, 그 당시에 누군가가 우리 돈 만원을 투자해서 지금까지 비트코인을 보유하고 있다면 지금 그 가치는 수십억원이 되었다는 얘기입니다
 물론 이렇게 몇 년씩 투자한 사람은 거의 없어 보이지만, 그림1-A를 보시면 최근에도 가격이 급격히 상승한 것을 알 수 있습니다
 튤립 파동과 남해주식회사 버블  정점 도달 뒤 몇달 만에 폭락 더 가파른 상승세의 비트코인  전문가 대부분 ‘버블’ 공개선언 한국인 4명에 1명꼴로 투자 경험 최대시장 일본보다도 높은 수치 경제시스템 위협하진 않더라도 규제 정비 등 선제조치 서둘러야  비트코인의 가격 상승은 너무 급격해서 우리 주변의 주식 중 아무리 가파르게 급등한 것이라도 비교가 되지 않습니다
 역사상 투기적 버블의 대표적인 사례로 꼽히는 것이 17세기 네덜란드의 튤립 광풍과 18세기 영국의 남해주식회사 버블인데, 여기에 비교해 보는 게 나을 것 같습니다
 다행히도 데이터에 충실한 경제사학자들 덕분에 당시의 가격 변화가 최근에 잘 정비됐습니다
그림1-B에서 보듯 미국 로스앤젤레스 캘리포니아대(UCLA)의 경제사학자 얼 톰슨에 의하면, 1636년 11월부터 이듬해 2월까지 석달 만에 튤립의 옵션 가격은 무려 20배 치솟았고, 희귀한 튤립은 구근 하나로 당시 암스테르담의 호화 저택 한 채를 살 수 있을 정도였다고 합니다
(‘튤립마니아’,  2006 ▶ https://doi
org/10
1007/s11127-006-9074-4) 남해주식회사 버블은 인류사의 빛나는 천재인 뉴턴이 투자한 전재산을 날린 후, “나는 천체의 운동을 계산할 수 있지만, 인류의 광기는 측정할 수 없구나”라고 탄식할 정도로 유명한 사건입니다
 이 자료는 예일대 국제금융센터에서 정비했는데(‘남해주식회사 1720 버블 프로젝트’),(▶https://som
yale
edu/faculty-research/our-centers-initiatives/international-center-finance/data/historical-southseasbubble) 그림1-C를 보면 1720년 6개월간 남해주식회사 주가는 8배 정도 올랐습니다
 튤립 가격도, 남해주식회사 주가도 정점에 도달한 뒤 몇달 만에 폭락했습니다
  비트코인은 이런 역사적인 버블 사례와도 비할 수 없을 정도로 훨씬 더 급격한 가격 상승이 이루어졌기 때문에 버블일 확률이 매우 높습니다
 경제학자들은 재화의 고유한 가치를 측정하기 어렵다는 이유로 특정한 시장 상황을 버블이라고 부르는 것에 대해 매우 소극적입니다만, 비트코인에 대해서만큼은 많은 경제학자들이 공개적으로 버블이라고 선언하고 있습니다
 그림2-A는 지난해 12월 미국의 저명한 경제학자들을 대상으로 ‘비트코인의 가치가 최소한 미화 1000달러라는 것에 동의하는가’라는 질문을 던진 결과입니다
(시카고대학 IGM 경제전문가 패널 조사)(▶http://www
igmchicago
org/surveys/bitcoin-ii) 참고로 이즈음에 비트코인의 시가는 1만7천달러 이상이었으니까 이 질문은 당시 시가의 95%까지 가격이 폭락하는 것을 염두에 둔 질문입니다
(※ 클릭하면 확대됩니다)   답변을 한 40명의 경제학자 중에서 동의를 한 사람은 둘뿐이었습니다
 이들조차도 비트코인이 범죄에 사용되는 수요 때문에 1천달러 이상 가치가 있을 수 있다는 생각이거나(윌리엄 노드하우스 예일대 교수), 1천달러 이상은 되겠지만 시가인 1만7천달러 아래로는 떨어질 것이라고 예측했습니다(스티븐 캐플런 시카고대 교수)
 또 불확실하다고 답한 경우에도 ‘고유 가치를 정의하거나 계산할 수 없다’(하버드대의 제임스 스톡 교수와 예일대의 래리 새뮤얼슨 교수), ‘거품이 터질 것으로 믿는다’(하버드대의 올리버 하트 교수) 등 대부분 부정적이었습니다
 결국 현재의 높은 가격 수준을 정당화하는 경제학자는 실질적으로 한 명도 없었습니다
 김치 프리미엄의 진실  두번째로 살펴봐야 할 주제는 한국에서 유독 버블이 심하다는 우려입니다
 언론은 한국 시장에서 암호화폐가 국제가격보다 높은 가격으로 거래되는 현상을 ‘김치 프리미엄’이라고 부르고, 한국을 유독 암호화폐 열풍이 높은 곳으로 지목하고 있습니다
   여러 지표로 살펴보건대, 한국이 국제적인 평균보다 더 과열 양상을 띠는 건 분명해 보입니다
 지난해 말 우리나라 20대 이상 국민을 대상으로 한 두잇의 서베이에 의하면, 비트코인에 대해서 얼마나 알고 있느냐는 질문에 ‘잘 알고 있다’(10
8%), ‘알고 있다’(35
1%) 및 ‘이름은 들어봤다’(44
1%)로 나타나서 인지도가 90%에 이르렀습니다
 이는 일본의 경우도 유사했습니다
 글로벌 마케팅 조사업체인 마크로밀 그룹이 일본 성인을 대상으로 한 조사에 의하면, 비트코인에 대해서 ‘알고 있다’(31
4%)와 ‘이름은 들어봤다’(56
2%)를 합치면 인지도 87
6%로 한국과 비슷했습니다(‘잘 알고 있다’는 항목은 한국과 달리 조사 대상에 없었습니다)
 반면에 미국의 경우는 암호화폐 전문 피아르 회사인 디토에서 미국 성인을 대상으로 구글 서베이를 수행했는데, 비트코인에 대한 친숙도를 묻는 질문에 대해 ‘전혀 익숙하지 않다’는 답변이 68%에 이르렀습니다
  투자 경험의 경우엔 한국이 일본보다도 비율이 훨씬 더 높았습니다
 우리 두잇 조사에서 우리 국민은 26
1%가 암호화폐를 구매한 경험이 있다고 밝혔고, 구인구직 전문회사 ‘사람인’이 실시한 별도 조사에서도 직장인의 31
3%가 투자 경험이 있다고 밝혔습니다
 반면 최대 시장 중 하나인 일본의 경우는 투자 경험 비율이 4
7%에 불과했습니다
 종합하면, 한국인과 일본인들은 미국인에 비해 암호화폐 정보를 훨씬 더 많이 접하고 있고, 특히 한국인은 일본인에 비해서도 투자에 나선 비중이 더 높다고 할 수 있을 것 같습니다
  다음은 거래 비중입니다
 암호화폐의 경우, 속성상 소유자에 관한 정보는 거의 축적되어 있지 않지만 대안으로 통화별 거래 현황에 근거해 대략적인 추적은 가능합니다
 크립토컴페어닷컴(CryptoCompare
com)의 데이터에 따르면, 비트코인 거래의 경우 미국 달러화와 일본 엔화로 이루어지는 거래가 각각 35~40% 정도로 1, 2등을 다투고 있고, 한국 원화와 유럽 유로화로 이루어지는 거래가 각각 5~10% 전후로 엎치락뒤치락하고 있습니다
 비트코인보다는 규모가 작지만 다른 주요 암호화폐인 이더리움이나 리플 거래는 원화 거래가 미국 달러화에 이어 2위 규모입니다
 대체로 보아 한국의 가상통화 시장은 미국과 일본에 이은 3위로 추정되는데, 물론 이것은 한국의 경제 규모에 비하면 매우 큰 것입니다
  이른바 김치 프리미엄에 대해서도 살펴보겠습니다
 그림3은 비트코인 가격을 원화로 환산한 것입니다
 원화 가격은 지난해 12월 이전까지는 달러화 가격과 거의 유사했으나, 그 이후 전체적인 비트코인 가격 급변과 함께 상당한 괴리를 보이고 있습니다
 일반적인 금융상품이라면 시장의 효율적 균형 회복 과정을 통해서 지역별 가격 차이가 지속될 수는 없겠으나, 암호화폐는 높은 거래비용과 외환거래 규제 때문에 시장 간 가격 괴리가 해소되지 않고 지속되는 것입니다
 이러 사실을 통해 보더라도 한국이 다른 나라에 비해 암호화폐에 대한 수요가 매우 강하다는 사실을 알 수 있습니다
(※ 클릭하면 확대됩니다)무엇을 할 것인가  그렇다면 이런 상황은 얼마나 걱정스러운 것일까요? 마치 2007년 미국에서 서브프라임 모기지(비우량주택담보대출) 버블이 터지면서 세계경제가 위기에 빠진 일이나, 1997년 아시아 각국에서 발생한 외환위기와 같은 상황을 걱정해야 하는 것일까요? 경제학자들은 어떻게 생각하는지 보시죠
 그림2-B는 유럽의 저명한 경제학자들을 대상으로 ‘지금 또는 향후 몇년 안에 암호화폐가 금융시스템에 위협을 가할 가능성이 있는가’라는 질문에 대한 답변을 정리한 것입니다(유럽 거시경제연구센터 2017년)
(▶http://cfmsurvey
org/surveys/bitcoin-and-city) 답변자 48명 중 21%는 시스템 위기가 올 수 있다는 데 동의했지만, 대다수인 73%는 동의하지 않았습니다
 암호화폐 시장의 버블이 전체 금융시장과 연관되어 있는 정도가 극히 미미하기 때문입니다
 은행이 암호화폐를 담보로 대출을 하고 있는 것도 아니고, 암호화폐를 기초자산으로 한 복잡한 파생상품이 금융시스템 전체에 퍼져 있지도 않기 때문입니다
  암호화폐가 경제 시스템에 위협을 가하지 않는다면 왜 우리는 암호화폐에 대한 정책을 수립해야 할까요? 두가지 측면의 우려가 있을 것입니다
 첫째는 암호화폐의 탈중앙성과 익명성에 수반되는 범죄 악용 문제입니다
 암호화폐를 이용해 소득과 자산을 은폐하고 탈세를 하거나 마약 거래, 인질 대금 등을 수수하는 문제입니다
 앞의 유럽 거시경제연구센터의 또 다른 질문은 ‘암호화폐에 대한 규제 감독을 강화할 필요가 있는가’였습니다
 이에 대해서는 그림2-C에서 보시는 것처럼, 61%가 범죄 악용 등을 언급하며 규제를 강화할 것을 주문했습니다
 규제를 강화할 필요가 없다는 주장은 31%였습니다
  또 하나 걱정해야 할 것은 버블이 터졌을 때 야기될 수 있는 손실 문제입니다
 너무 큰 버블이 터지면 막대한 손실을 입은 투자자가 발생하고, 특히 이들이 경제적 약자라면 심각한 사회적 문제가 될 수도 있을 것입니다
 따라서 시장의 과열을 가라앉히고 버블을 축소하는 노력도 필요하고, 특히 정보가 취약한 분들이 무분별하게 뛰어들지 않도록 하는 대책도 필요할 것 같습니다
  이런 필요성 때문에 주요국 정부는 암호화폐에 대한 규제를 정비하고 있습니다
 대표적으로 일본은 2016년 암호화폐를 활용한 자금세탁 방지, 과세 근거 마련, 거래소 규율을 통한 투자자 보호 등을 위해 ‘자금결제법’을 개정했고, 미국과 유럽 국가들은 과세 및 금융감독 당국 가이드라인 등을 정비하고 있습니다
 이와는 달리 중국과 러시아는 암호화폐의 거래를 실질적으로 금지했습니다
  과연 우리는 어디로 가야 할까요? 우선 다단계 투자자 모집 등 현행법에 반해서 이뤄고 있는 범죄 행위들에 대해서 단속과 처벌을 강화하는 것과 자기 책임하에서 거래하기 힘든 미성년자의 거래를 막는 조처 등은 거의 모든 분들이 동의하시리라고 생각합니다
 그리고 투기적 성격과 버블이 터질 경우의 위험에 대해서도 적극적으로 알리는 노력이 필요하다고 생각합니다
  보다 어려운 문제는 그 이상의 조치에 대한 것입니다
 길은 네 가지가 있습니다
 첫째 현재의 암호화폐 열풍을 중요하지 않은 문제로 간주하고 무시하는 길입니다
 둘째는 미국·독일 등과 같이 행정부와 감독당국 주도로 규제를 강화하는 것입니다
 셋째는 일본처럼 의회 입법을 통해 규제를 강화하는 것이고, 마지막 넷째는 전면적으로 거래를 금지하는 것입니다
  누구도 확실한 답을 알 수는 없겠지만, 논의의 진전을 위해서 제 생각을 말씀드리겠습니다
 우선 암호화폐 거래 규모가 너무 커졌기 때문에 무작정 눈을 감는 건 불가능하다고 생각합니다
 그리고 단지 버블이 크다는 이유만으로, 일부 범죄 행위가 아니라 민간 경제주체들의 자율적인 거래를 실질적으로 금지하는 중국과 러시아의 길이 우리의 대안이 될 수도 없다고 생각합니다
 개인이 무분별한 투기에 빠지지 않도록 노력할 필요가 있는 만큼, 행정부와 국회도 거래금지라는 화끈한 유혹에 빠지지 말고 민간 전문가들과 협의를 통해 신속하고 효과적인 규제 정비에 나서줄 것을 촉구하면서 글을 마치겠습니다
",hani,2018.01.20,http://www.hani.co.kr/arti/economy/economy_general/828608.html
27,"김동연 경제부총리 겸 기획재정부 장관은 16일 ""가상화폐 거래소 폐쇄도 살아있는 옵션""이라며 ""조속히 종합대책을 마련하겠다""고 말했다
그는 이날 tbs 김어준의 뉴스공장에 출연해 가상화폐에 대한 정부의 입장과 관련, ""가상화폐에 대해서는 비이성적 투기가 많이 되는데 어떤 형태로든 합리적 규제가 필요하다는 게 정부의 입장""이라고 밝혔다
김 부총리는 가상화폐 거래소 폐쇄도 살아있는 옵션이냐는 질문에는 ""살아있는 옵션인데 부처간 진지한 검토가 있어야 한다""고 말했다
그는 ""거래소 폐쇄 후 음성적 거래문제나 해외 유출 문제 등 반론이 만만치 않다""면서 ""(정부 내에서) 정말 빡세게 서로간에 논의해야 한다""고 설명했다
김 부총리는 ""문제는 합리적 규제의 수준인데, 전세계적으로 여기에 대해 통일된 글로벌 스탠다드가 없다""면서 ""과세를 한다던지 실명제를 포함해 구체적 방안을 논의중""이라고 설명했다
 그는 ""조속한 시일 내에 진지하면서도 국민이 보고 거기에 따라 행동할 수 있는 종합대책을 내겠다""면서 ""정부가 가상화폐 대책과 관련, 규명하고 일관된 메시지를 주지 못했다는 데 대해서는 송구하게 생각한다""고 말했다
 김 부총리는 비트코인의 폭등·폭락이 정부책임이라는 지적에 대해서는 ""비트코인에는 비이성적 투기가 분명히 있다""면서 ""이는 정부가 사전적으로 충분히 좋은 대책을 만들지 못해 나타난 현상이라는 측면에서 반성할 점 있다고 생각하는데, 투기는 개인의 책임""이라고 말했다
그는 ""투기성은 규제하고 국민들에게 상당한 리스크가 있다는 거 알리고, 블록체인에 대해서는 기반기술로서 4차 산업혁명 등을 선도할 수 있는 부분이 있는지 균형잡히게 보겠다는 시각""이라고 말했다
연합뉴스   ",hani,2018.01.16,http://www.hani.co.kr/arti/economy/economy_general/827910.html
28," 소셜커머스 업체인 위메프가 물건을 살 때 가상화폐로 결제가 가능하도록 하는 방안을 추진하고 있다
 가상화폐 결제를 국내 주요 쇼핑몰이 도입하는 것은 처음이다
   위메프는 “자체 결제 서비스인 ‘원더페이’에 가상화폐를 연동할 수 있는지 가상화폐 거래소 빗썸과 협의를 하고 있다”고 29일 밝혔다
 지금껏 투자 대상으로만 많이 알려진 가상화폐가 실제 결제 수단 역할을 제대로 할 수 있을지 관심이 커지고 있다
   두 회사는 비트코인, 이더리움, 리플 등 빗썸에서 거래되는 12종의 가상화폐를 원더페이를 거쳐 상품 구매 지불 수단으로 쓸 수 있게 하는 방안을 논의하고 있다
 위메프 관계자는 “소비자들이 결제를 편하게 할 수 있도록 결제시스템을 확대한다는 차원”이라며 “휴대폰, 포인트 등 가상화폐도 결제수단의 하나로 생각하고 있다”고 말했다
   하지만 기술적 문제와 조만간 정부가 발표하는 가상화폐 규제 내용은 변수다
 현재 가상화폐는 실시간 가격 변동의 폭이 커 결제 수단으로 쓰기에 어려움이 적잖다
 이때문에 양사는 이런 불확실성을 최소화하고자 ‘실시간 시세 반영’ 기능을 유력하게 검토하고 있다
 빗썸 고객이 가상화폐로 구매를 결정하면 그 시점의 시세를 토대로 금액을 확정하고, 이 데이터를 위메프 원더페이가 수신한 뒤 결제를 진행해 시세 변동에 따른 혼동을 없애는 것이다
 위메프 관계자는 “실시간 시세 반영 등 시스템 문제나 정부의 규제가 어떤 내용으로 나올지 봐야 한다”며 “시행하려면 시간이 좀 걸릴 것 같다”고 말했다
   가상화폐는 지금껏 국내에서 일부 소규모 인터넷 몰과 소수 매장을 제외하고는 결제 수단으로 정착된 사례가 거의 없었다
 반면 국외에서는 가상화폐를 재화로 활용하려는 시도가 활발하다
 미국의 인기 온라인 쇼핑몰인 ‘오버스톡’과 ‘뉴에그’는 이미 가상화폐를 결제 수단으로 도입한 상태이며, 일본의 대형 전자제품 유통점 ‘빅카메라’는 작년 4월부터 오프라인 매장에서 비트코인을 받고 있다
 김소연 기자 dandy@hani
co
kr",hani,2018.01.29,http://www.hani.co.kr/arti/economy/consumer/829808.html
29,"지난 12일 오후 서울 중구 한 가상통화 거래소에 설치된 시세 전광판에 숫자들이 쉴새없이 변하고 있다
 백소아 기자 thanks@hani
co
kr  ‘부인 몰래 4천 대출받아 리플 4400원에 몰빵해서 손절·매수를 반복하다 400 남았네요
 올 10월에 다른 전셋집으로 가야 하는데 막막합니다
 마누라는 아직도 모르고 아들은 내년에 초등학교 입학도 해야 하는데 지인이 올 안에 리플 1만원 넘는다고 해서 혹해서 그만 투자했는데 욕심이 과했네요
 남들 코인으로 돈 벌었다는 얘기에 혹해서…
 다신 코인판 근처에 얼씬도 안 하겠습니다
’   지난 27일 국내 한 가상통화 커뮤니티 게시판에 이런 글이 올라왔다
 앞서 지난 17일 비트코인을 포함한 대부분 가상통화(가상화폐)가 30% 가까이 폭락한 지 열흘이 넘어서면서 급격히 얼어붙은 시장에 ‘가즈아’를 외치던 이들이 급격히 줄었다
 대신 남은 코인으로 버틸지, 아니면 떠날지 고민하는 이들이 늘어났다
 한국을 비롯한 각국의 가상통화 규제 움직임이 불확실한 상황에서 비트코인 가격은 횡보세를 이어가고 있다
   28일 오후 빗썸에서 비트코인은 1340만원에 거래됐다
 지난 17일 1900만원대에서 1240만원까지 떨어진 뒤 조금씩 오르락내리락했지만 이전 시세를 회복하지 못하고 있는 것이다
 다른 코인의 사정도 크게 다르지 않다
 4600원까지 찍었던 리플은 이날 1300~1400원대를 맴돌았다
   최근 가상통화 투자자들이 찾는 온라인 커뮤니티는 세 가지 기류로 나뉜다
 ‘이 또한 지나간다’며 버틴다는 유형과 ‘호황은 끝났다’며 떠난다는 유형, 그리고 손절해야 할지 더 버텨야 할지 고민하는 부류다
 27일 한 커뮤니티엔 “천만원 잃고 코인판을 떠난다”, “50% 넘게 잃어서 존버(계속 버티기)할 수밖에 없다” 등의 비슷한 글이 올라왔다
 ‘억대 수익 인증’이 심심치 않게 올라오던 지난해 11~12월과는 확연히 다른 분위기다
 ‘돈을 넣어놓기만 해도 오르던 장은 끝난 것 같다’는 자조가 나온다
 지난해 12월 가상통화 투자를 시작한 직장인 강아무개(33)씨는 “초반엔 코인들이 20% 넘게 오르는 걸 봤는데, 17일 이후엔 쉽지 않다”며 “이러지도 저러지도 못해 버티면서 이제야 코인 관련된 뉴스도 읽고 공부도 하고 있다”고 말했다
  광풍에 가깝던 투기 현상은 다소 잠잠해졌다
 국내 가상통화 과열의 바로미터가 된 ‘김치 프리미엄’도 30% 안팎에서 지금은 5%로 주저앉았다
 코인에스의 집계에 따르면, 국내 4대 거래소(업비트·빗썸·코인원·코빗)의 비트코인 하루 거래량도 17일 9만7340코인에서 27일 3만3781코인으로 약 65% 감소했다
 박수지 기자 suji@hani
co
kr",hani,2018.01.28,http://www.hani.co.kr/arti/economy/finance/829692.html
30,"12월12일 서울 중구 다동 빗썸 고객센터 앞의 가상화폐 시세판
 박종식 한겨레 기자 anaki@hani
co
kr  가상통화 투자가 세계적으로 과열 양상을 보이면서 ‘국제 공조’를 통한 규제로 해법을 찾아보려는 움직임이 가시화하고 있다
 오는 3월 19~20일 아르헨티나 부에노스 아이레스에서 열리는 주요 20개국(G20)재무장관회의에서 주요 의제로 다뤄질 가능성이 높아졌다
   스티븐 므누신 미국 재무장관은 지난 12일(현지시각) ‘워싱턴 경제클럽’에 참석한 자리에서 “(가상통화 불법 행위) 문제를 주요 20개국을 포함해 다른 국가와 공조할 계획”이라고 말했다
 앞서 지난달 브뤼노 르메르 프랑스 재무장관은 주요 20개국 회의에서 비트코인 규제 논의를 할 것을 공식 제안했고, 독일과 영국도 이에 동의했다
 김윤경 기획재정부 국제금융국장은 14일 “(가상통화와 관련해) 주요 20개국 차원에서 논의가 필요하다고 보고 이를 추진하려 한다”고 말했다
 김 국장은 “(재무장관회의) 의제가 될지 아직 결정되지 않았지만, (가상통화는) 국경이 없는 문제이기에 논의할 만한 주제”라고 설명했다
   주요국들은 가상통화 관련 법 체제와 규제를 마련 중에 있지만 법적 지위 규정과 과세 방안 등을 놓고 나라별로 엇박자를 보이는데다, 소비자 보호 방안 등이 별도로 마련되지 못해 국제적인 공감대가 형성되지 못하고 있다
 한국은행과 금융위원회 자료를 보면, 주요국은 가상통화 거래에 자금세탁방지 의무 부여, 부가가치세 부과에서 거래금지까지 다양한 수위로 규제하고 있다
 미국, 캐나다, 프랑스 등은 가상통화 취급업자에게 자금세탁방지 의무를 부여한다
 독일과 싱가포르는 가상통화에 부가가치세를 부과한다
   미국과 유럽의 규제 초점은 거래소 규제에 맞춰져 있다
 최저 자본금, 재무건전성 등을 면밀히 검토해 등록을 인가함으로써 거래소 난립을 방지한다
 등록된 거래소는 금융당국이 소비자 자산보호 의무 등을 충실히 수행하고 있는지 여부를 주기적으로 검사한다
 미국 캘리포니아주의 경우 5000달러의 등록수수료, 사업자 정보, 고객의 자산 보호를 위한 충분한 자금이 있어야만 거래소 운영이 가능하도록 규제하고 있다
 텍사스증권위원회는 최근 영국계 가상통화회사인 비트커넥트가 주에 등록하지 않았다는 이유로 증권판매업 긴급중단명령을 내렸다
   유럽연합(EU) 집행위원회는 지난달 반자금세탁규제안에 가상화폐 취급업자의 고객정보와 거래내역 공개 의무 등을 포함시켰다
 독일의 경우 금융당국의 허가 없이 거래소를 운영하는 경우에는 형사처벌을 하는 등 강경한 규제를 시행 중이다
 반면 네덜란드와 스웨덴, 노르웨이 등은 중앙은행이 자체 가상통화를 개발하는 등 제도화에 적극적이다
 비슷한 태도를 보여온 덴마크는 최근 가상통화가 과열되자 부정적인 입장으로 되돌아갔다
   일본 정부는 가상통화를 제도적 틀 안에서 규제하는 방식을 취하고 있다
 일본은 지난해 가을부터 가상통화 거래소 등록제를 시작했으며, 지난해 12월26일 기준으로 16개사가 등록을 마쳤다
 거래소로 등록하기 위해서는 자본금이 최소 1000만엔(약 9580만원) 이상이어야 하고 고객에게 받은 돈과 가상통화는 분리해서 관리해야한다
 또한, 정기적으로 금융청의 검사를 받아야 한다
 일본은 자금결제법을 개정해서 가상통화는 거래의 수단으로 쓰일 수 있으나, 법적 통화는 아니라는 요지의 정의도 내렸다
  중국은 그동안 비트코인 채굴이 세계 최대 규모로 이뤄져온 곳이지만, 당국은 가상화폐에 대한 규제 수준을 꾸준히 높이고 있다
 이런 탓에 현재 중국에서 비트코인 등 가상화폐는 장외(OTC) 거래만 가능한 상태다
 중국은 지난해 9월 가상화폐를 ‘불법’으로 규정하면서 가상화폐 거래소들이 모두 운영을 중단했다
 새해 들어서는 가상화폐 채굴을 금지시켰고, 저가의 전기 요금과 노동력 등의 장점을 이유로 중국에 밀집했던 채굴업체들은 새로운 거점을 알아봐야 할 상황이다
 당국은 국외에서의 가상화폐공개에도 손을 뻗친 것으로 알려졌다
 중국 중앙은행인 인민은행이 2014년부터 연구팀을 꾸려 자체 가상화폐를 시험하는 등 중국 당국이 가상화폐에 대해 무조건적인 반대 입장은 아니라는 게 일반적 견해다
  우리나라 정부는 현재 가상통화의 법적 지위에 관해 결론을 내리지 못한채 과세와 거래소 폐쇄 특별법 방안 마련을 검토하고 있다
 한광덕 정은주 기자, 도쿄·베이징/조기원 김외현 특파원 kdhan@hani
co
kr",hani,2018.01.14,http://www.hani.co.kr/arti/economy/global/827665.html
31,"서울 여의도 금융감독원 건물
   한겨레 자료 사진
  금융당국의 거래 추적이 어려운 가상통화를 활용해 투자금을 몰래 빼먹은 금융사기가 급증하고 있다
 지난해 하반기에 발생한 피해액만 150억원에 육박한다
   6일 금융감독원은 “보이스피싱 등으로 투자금을 편취한 금융사기범들이 거래의 익명성이 높은 가상통화를 활용해 피해금을 현금화한 사례를 다수 적발했다”며 주의를 당부했다
 이런 방식의 금융사기에는 대포통장과 보이스피싱, 가상통화가 두루 쓰였다
  먼저 사기범들은 취업이나 대출을 미끼로 한 보이스피싱 수법을 써서 피해자에게 대포통장으로 돈을 받았다
 이후 사기범들은 대포통장 명의인의 개인정보를 활용해 가상통화 거래소에 계좌를 열어 피해자들의 자금을 옮겼다
 이어 비트코인 등 가상통화를 사서 자신의 전자지갑으로 옮긴 뒤, 가상통화를 팔아 다시 현금화했다
  가상통화를 전자지갑에 넣었다기 다시 빼서 현금화한 이유는 금융당국이 이런 과정을 추적하기 어렵다는 점을 노린 것이다
 또 1일 600만원, 건당 100만원 이상이 대포통장 의심 계좌에 입금될 경우, 다시 돈을 뺄 때 30분간 인출이 지연되는 것과 달리 가상통화는 제약이 없다는 점도 악용된 것으로 보인다
 금융감독원 자료
 (※ 이미지를 누르면 크게 볼 수 있습니다
)   금감원은 지난해 7월 이후 반년 간 이런 수법의 금융사기로 인한 피해액이 148억원이라고 밝혔다
 월별로 피해액을 보면, 지난해 9월과 10월에는 10~13억원 수준이었으나, 지난해 11월과 12월엔 각각 38억8천만원, 31억2천만원으로 껑충 뛰었다
 비트코인 등 가상통화 값이 급등하던 시기에 관련 사기가 쏠린 것으로 보인다
 김범수 금감원 불법금융대응단 팀장은 “자금 추적이 어렵고 대포통장 규제를 우회할 수 있다는 이유로 가상통화를 활용한 금융사기가 급증하고 있다
 금융회사에 가상통화 거래 계좌가 보이스피싱에 악용되지 않도록 모니터링을 강화하도록 지도했다”고 말했다
   김경락 기자 sp96@hani
co
kr",hani,2018.02.05,http://www.hani.co.kr/arti/economy/finance/830837.html
32,"박상기 법무부장관이 최근 가상통화 거래소 폐쇄 방침을 밝히고 난뒤 정부 부처 내 혼선을 빚다가, 15일 다시 정부 규제 대책 논의가 원점으로 돌아갔다
  자료 사진
  혼선을 거듭해온 정부의 가상통화 규제 대응이 다시 원점으로 돌아갔다
 지난 11일 박상기 법무부장관이 ‘거래소 폐쇄’라는 초강경 처방을 내놓으면서 파문을 일으켰지만, 이는 정부 내 조율을 거치지 않은 법무부만의 구상인 것으로 정부가 공식 정리한 것이다
 이처럼 정부가 가상통화 대응에서 우왕좌왕하는 것은 수시로 바뀌는 여론 등에 정부 대응이 춤을 추고 있기 때문이란 비판이 나온다
 지난해 하반기 관련 대책 마련에 나서면서 강조한 ‘차분한 대응’ 원칙은 자취를 감춘지 오래다
 거센 바람을 타고 옮겨가는 불씨의 꽁무니만 좇는 화재 진압형 대응 방식이 혼선을 부추기는 모양새다
  정기준 국무조정실 경제조정실장은 15일 정부서울청사에서 연 기자회견에서 “가상통화 실명제를 차질없이 추진하는 한편 시세조작, 자금세탁, 탈세 등 거래 관련 불법행위에 대해서는 검찰, 경찰, 금융당국의 합동조사를 통해 엄정 대처해 나갈 계획이다
 최근 법무부장관이 언급한 ‘거래소 폐쇄 방안’은 범정부 차원에서 충분한 협의와 의견조율 과정을 거쳐 결정할 예정”이라고 밝혔다
 정 실장은 2분여 간 정부 입장문만 읽었고 기자들의 질문은 받지 않았다
  이날 입장문 발표는 지난해 12월28일 정부가 밝힌 ‘특별대책’ 수준으로 정부 대응 기조가 되돌아간다는 것을 의미한다
 ‘거래소 폐쇄’를 내민 법무부안은 정부가 염두에 두고 있는 여러 안 중 하나로 다시 원위치했다
 청와대 정책실 관계자는 “청와대에 법무부장관 사형을 청원하는 글이 올라올 정도로 법무부안에 대한 부정적 여론이 들끓는 상황을 외면하기 어려웠다
 정부 내에선 박 장관이 너무 경솔하게 강경 기조를 외부에 공개했다는 비판도 나온다”고 말했다
 법무부만 홀로 이날까지도 ‘거래소 폐쇄’ 방안의 필요성을 역설했다
 법무부 관계자는 “가상화폐 거래소를 규제하겠다는 것이 정부 입장이니까 잘 논의해 보겠다
 법무부는 거래소 폐쇄 쪽으로 계속 주장을 할 것”이라고 전했다
 박 장관 발언 당시와 크게 달라질 것이 없다는 태도다
   이런 되돌림은 예견된 일이었고 앞으로도 반복될 가능성이 높아보인다
 지난해 9월 정부가 범정부 대응을 위한 태스크포스(TF)를 꾸린 뒤 줄곧 강조한 기조는 ‘투기 과열 근절’이었는데, 이를 판단하는 잣대는 분명하지 않다
 지난달 특별대책부터 최근 거래소 폐쇄 방안이라는 초강경 대책까지 규제 강도가 계속 높아진 것은 이른바 ‘김치 프리미엄’이 30~40% 수준에서 계속 유지된 점이 주된 배경이었다
 이는 김치 프리미엄이 어떤 이유에서든 낮아지게 되면 정부의 규제 수준이 다시 낮아질 수 있다는 걸 암시한다
  ‘김치 프리미엄만’을 규제 강화의 핵심 근거로 보기도 어렵다
 외려 정부가 가장 염려하는 부분은 가상통화 시세의 변동성 그 자체라는 지적이다
 실제 비트코인 등은 여타 금융자산과 달리 실물 자산과 전혀 연결돼 있지 않는 터라 가격 예측 자체가 매우 어려운 속성이 있다
 김치 프리미엄이 잡힌다고 해서 정부가 규제에 손을 놓을 가능성이 낮은 이유다
  청와대 고위 관계자는 “가상통화는 정무적으로 부담을 가질 만한 사회 현상으로 본다
 만일 혹시라도 (가격이) 붕괴되거나 경착륙했을 때 경제적 타격 뿐 아니라 한국 사회에 미칠 영향이 커질 수 있다”고 말했다
 이낙연 국무총리도 지난 14일 영화 관람 후 기자들과 만나 “(과거) 키코 사태를 보면 개인 탐욕 때문에 덤볐다가 안 되면 정부 탓하고 그랬다
 (가상통화도) 터지고 나면 그 땐 또 정부를 탓할 것”이라고 말했다
 가격이 지나치게 올라도 문제이지만, 가격이 폭락하더라도 부담이 된다는 속내를 드러낸 것이다
 이렇듯 정부가 통제하기 어려운 시장 가격에 따라 정부 대응 수위가 정해지다보니, 정책은 오락가락하게 된다
   이에 견줘 정부의 대응 준비는 매우 허술하다
 한 예로 정부가 규제 강화책으로 꼽는 과세안을 마련중인 기획재정부 내에선 최근 두달새 담당부서가 금융세제팀에서 부가가치세과로 옮겨가더니 올들어선 재산소비세과로 바뀌었다
 매매차익에 대한 양도소득세를 물릴지, 부가세를 물릴지 혹은 거래세를 부과할지도 여전히 가늠하지 못하고 있다는 얘기다
 기재부의 한 과장급 간부는 “정부가 특정 세목으로 과세한다고 천명한다고 해서 일이 끝나지 않는다
 현재로선 세원을 파악할 수 있는 인프라 자체가 없기 때문에 자칫 과세 방안을 밝히고나서도 세금은 한푼도 못거두는 상황이 올수도 있다”며 “일에는 순서가 있는데 그런 침착성을 정부가 잃고 있는 게 아닌지 모르겠다”고 우려했다
  가상통화와 그 기반기술인 블록체인에 대한 기본적인 연구도 최근에야 시작됐다
 한국은행이 지난주 자체 연구모임을 꾸린 데 이어 금융감독원도 15일 태스크포스 연구팀을 발족한다고 밝혔다
 기재부는 지난 10일 김동연 부총리 주재로 외부 전문가들을 초청해 블록체인 기술 등에 대해 토론을 벌였다
 이 자리에 참석한 기재부 국장급 간부는 “대부분 간부들이 비트코인에 대한 이해도가 매우 낮다는 걸 확인하는 자리였다”고 털어놨다
  김경락 성연철 김양진 기자 sp96@hani
co
kr ",hani,2018.01.15,http://www.hani.co.kr/arti/economy/finance/827784.html
33,"출처 / 게티이미지뱅크  ‘가상통화 광풍’은 우리 사회의 건전한 근로의욕을 떨어뜨린다
 클릭 몇번으로 쉽게 떼돈을 벌 수 있다는데 뭐 하러 땀 흘려 열심히 살아가야 하느냐는 잘못된 인식을 번지게 한다
   근로의욕 저하는 가상통화에 투자한 사람이나 그렇지 않은 사람 모두한테서 나타나고 있다
 가상통화는 24시간 거래되는데다 등락 폭에 제한이 없다 보니 투자자들은 손에서 스마트폰을 놓지 못한다고 한다
 중독에 가깝다
 일이 손에 잡힐 리 없다
 투자를 하지 않는 사람들도 ‘진작 했으면 큰돈을 벌었을 텐데’ 하는 상실감에 투자 충동에 빠지는 경우가 적지 않다고 한다
 온라인 커뮤니티에는 이제라도 적금을 해지하고 가상통화에 투자해야 할지를 고민하고 있다는 글들이 올라온다
 오죽하면 ‘비트코인 우울증’이라는 신조어까지 생겨났겠는가
  가상통화 투자자 가운데 특히 20~30대 젊은층이 많아 걱정이 아닐 수 없다
 국내 최대 가상통화거래소인 빗썸 회원 250여만명 중 20~30대가 60%를 차지한다
 취업난과 저임금으로 고통받는 젊은이들이 가상통화 시장에서 일확천금의 꿈을 꾸고 있는 것이다
 아예 구직 활동을 포기하고 전업으로 가상통화 투자에 나선 취업준비생들도 있다고 한다
   일부에서는 가상통화를 ‘흙수저의 마지막 탈출구’로 여기는 듯하다
 지난달 28일 청와대 누리집 국민청원 게시판에 올라온 ‘가상화폐 규제 반대, 정부는 국민들에게 단 한번이라도 행복한 꿈을 꾸게 해본 적 있습니까?’라는 제목의 청원에 14일 현재 17만명 가까이 참여했다
 안 쓰고 안 먹고 월급을 평생 모아도 집 한채 마련하기 힘든 현실에서 가상통화를 ‘유일한 동아줄’로 보는 심정을 이해하지 못할 바는 아니다
 하지만 위험천만한 투기에 희망을 거는 것은 개인으로나 사회 전체적으로나 바람직하지 못하다
   다만 가상통화 투자 광풍의 배경에 팍팍한 생활고, 무너진 계층 이동 사다리, 갈수록 커지는 빈부격차 등 암울한 현실이 자리잡고 있는 것은 부인할 수 없는 사실이다
 가상통화 광풍을 잡으려면 투기 억제책만으로는 한계가 있을 수밖에 없다
 땀 흘려 일한 만큼 정당한 보상을 받고, 적어도 내일은 오늘보다 나아질 것이라는 희망을 가질 수 있는 사회를 만들어야 한다
 좋은 일자리 확대, 임금격차 해소, 집값 안정 등을 위해 정부가 온 힘을 쏟아야 한다
 물론 쉽지 않은 일이다
 이전 정부들도 모두 실패했다
 하지만 흔들림 없이 일관되게 나아가야 한다
 그렇지 않으면 투기 광풍이 또다른 형태로 언제, 어디서 불어닥칠지 모른다
▶ 관련 기사 : 정부 10여차례 경고에도 가상통화로 돈 몰리는 3가지 이유▶ 관련 기사 : 가상통화 ‘국경 없는 광풍’에 공조 비상…G20 의제 가능성",hani,2018.01.14,http://www.hani.co.kr/arti/opinion/editorial/827678.html
34,"장석준 글로벌정치경제연구소 기획위원   요즘 비트코인으로 시끄럽다
 찬반양론이 격렬히 대립하는 탓에 좀처럼 합의점을 찾지 못한다
 왜 이토록 첨예하게 맞서는가? 가상화폐나 블록체인 기술이 본래 이렇게 갈등을 유발하는 쟁점인가? 아니다
 다른 문제 탓이다
 이 문제가 얽히면서 새 기술과 제도를 둘러싼 토론은 이내 세대 간 감정싸움으로 비화한다
  실은 비트코인만이 아니다
 최근 한국 사회를 달구는 웬만한 논란거리는 다 이 문제와 긴밀히 얽혀 있다
 최저임금 논란이 그렇다
 최저임금 인상을 훼방 놓으려는 자들은 자영업을 들먹이며 부작용을 말한다
 실제로 자영업 사정이 안 좋기에 이런 논리가 먹히는 것처럼 보이기도 한다
 그러나 영세 자영업자들의 곤란 이면에도 역시 비트코인 논쟁을 세대 간 쟁투로 만들어 버리는 그 문제가 도사리고 있다
  바로 부동산 불로소득이다
 오래전부터 한국 사회에서는 부동산 가격 상승이 자본을 불리고 불황을 견디며 신분 상승 사다리를 오르고 노후를 보장하는 요술 방망이 노릇을 했다
 그런데 신자유주의의 전세계적 절정기였던 2000년대 중반부터 양상이 더욱 심각해졌다
  돈은 넘쳐나는데 제조업 투자는 세계 시장의 경쟁 격화로 매력을 잃자 부동산 투기나 임대 소득이 대안으로 떠올랐다
 일부 86세대 중산층도 자기 집을 담보로 은행 대출을 받아 이 대열에 합류했다
 노동시장 유연화로 임금이 정체되고 고용이 불안해지자 자산시장 투자(투기) 수익과 노동 소득은 더욱 극적으로 대비됐다
  일부 국가는 2008년 금융위기로 이 판에서 조기 퇴출됐다
 스페인이 대표적이다
 부동산 거품 붕괴의 여파는 참으로 고통스러웠다
 한국의 1997년 외환위기보다 더 심각한 불황이 이어졌고, 사회가 그야말로 무너져 내렸다
 누가 보더라도 앞 세대가 살아온 방식은 더 이상 새 세대의 길이 될 수 없었다
 이런 각성을 바탕으로 스페인 젊은이들이 거리에 나서서 이른바 ‘분노한 자들’ 운동을 시작했다
 그리고 이 운동의 열기 속에 창당한 새 진보정당 포데모스가 급성장해 기성 양당 구도를 혁파했다
  불행인지 다행인지 한국은 스페인 같은 부동산 시장 폭락을 겪지 않았다
 미국과 유럽 국가들이 경제 위기 속에 허우적댈 때에 우리의 골칫거리는 민주주의를 후퇴시키는 이명박, 박근혜 정권이었다
 퇴행이 문제였을망정 붕괴는 비켜났다
  그러나 이게 좋은 일이기만 할까? 촛불로 새누리당 불패 신화는 무너졌지만, 부동산 불패 신화는 여전하다
 건물주에게 임대료를 갖다 바치느라 영세 자영업자와 저임금 노동자가 골육상쟁한다
 장사가 조금만 잘되면 임대료가 올라 임차 상인이 거리에 나앉는다
  비정규직이거나 세입자인 젊은 세대는 부동산 투기판의 불야성을 보며 마음이 착잡할 수밖에 없다
 그런 그들에게 비트코인 시장은 부동산 시장 대신 열린 천재일우의 기회다
 이들에게 가상화폐 규제론은 부동산으로 재미 본 앞 세대의 위선으로만 들린다
  이 모든 병증의 근저에 부동산 불로소득이 있다
 촛불의 1차 승리 이후 미약하나마 사회 개혁이 시도될 때마다 이 점이 선명히 드러난다
 건물주와 집주인이 늘 승리하는 구조를 뒤엎어야만 다른 문제들도 풀려 나갈 수 있고, 역으로 이 구조에 손대지 못한다면 다른 모든 문제가 꼬일 수밖에 없다
 벌써 강남 아파트 가격은 지금이 촛불 이후 시대라는 상식을 한껏 비웃으며 지속 상승 중이고, 단단할 것만 같던 촛불 시민 연합은 부동산 적폐와 얽힌 난관들 앞에서 처음으로 결정적인 균열을 보이고 있다
  이런 상황에서 누구보다 분발해야 할 것은 정의당 같은 진보정당과 노동-사회운동이다
 정부와 여당이야 한꺼번에 여러 계층의 눈치를 볼 수밖에 없다지만, 진보정당은 앞뒤 안 가리고 부동산 불로소득에 맞서 싸워야 한다
 부동산 불패 신화 속에서 늘 패배자인 이들을 배타적으로 대변해야 한다
 좀 더 과감하게 투기-임대 수익의 사회 환원과 임차인 권리 강화를 주장해야 한다
  올해 지방선거에서 진보정당은 다른 것 말고 부동산 신화와 싸우는 데 주력해야 할 것이다
 개헌 토론에서 토지-주택 공개념을 부각하는 것도 한 가지 방안이 될 수 있다
 다시 말하지만, 이런 노력을 통해 부동산 불패 신화를 흔들어야만 다른 모든 개혁이 제 길을 찾아 나갈 수 있다
 그래야만 촛불 시민 연합도 와해되지 않을 수 있다
 ",hani,2018.01.25,http://www.hani.co.kr/arti/opinion/column/829412.html
35,"◎ 팟빵에서 듣기  비트코인 등을 중심으로 한 가상화폐 투자 열풍이 이어지고 있다
 일각에선 ‘투기’로 과잉되고 있다는 지적도 나온다
 작가 유시민씨가 그 대표적인 인물이다
 지난 11일 박상기 법무부장관이 가상화폐 거래소 폐쇄 입장을 밝혔다가 청와대가 바로 “결정된 건 없다”고 밝히면서 시장은 요동쳤다
 김동연 경제부총리도 가상화폐 거래소 폐쇄와 관련해 “살아있는 옵션이지만 부처 간 진지한 검토를 해야 한다”고 말했다
디스팩트 시즌3는 한국 사회를 요동치게 만들고 있는 가상화폐 투자 열풍과 가상화폐의 바탕이 되는 핵심 기술인 블록체인이 무엇인지에 대해 살펴보고, 정부의 규제 대응은 적절한지, 2030을 중심으로 한 투자 열풍에서 한국 사회는 무엇을 생각해봐야 할 지 등에 대해 집중 분석해봤다
 이를 위해 에서 블록체인 관련 매체 창간을 준비하고 있는 윤형중 기자를 특별 게스트로 초빙했다
  디스팩트 속 소코너 ‘김민하의 여의도 동물원’에선 갑자기 기자회견을 열고 자신에 대한 검찰 수사를 “정치 보복”이라고 반박하고 나선 이명박 전 대통령 발언의 정치적 의미를 짚어봤다
 아울러 국민의당과 바른정당의 통합 선언에 대해서도 따져봤다
 이재훈 기자 nang@hani
co
kr",hani,2018.01.19,http://www.hani.co.kr/arti/society/society_general/828511.html
36,"이헌욱   변호사·전 참여연대 민생희망본부장   비트코인은 일정한 장치를 통해 시간과 비용을 들여 채굴할 수 있는 블록체인이라는 암호기술 기반의 가상화폐라고 한다
 그것을 어떻게 정의하느냐 하는 것과 그것을 어떻게 규제해야 하느냐 하는 것이 논리 필연적인 연관을 가진 것은 아니지만, 어떤 대상을 규제하려면 규제 대상을 이해하는 것이 선행되어야 한다고 보는 것이 합리적일 것이다
  리처드 바틀은 가상세계성(Virtual Worldliness)을 논하면서 가상세계를 만드는 사람들은 가상세계에 대한 규제를 이해할 필요가 있고, 가상세계에 대한 규제를 만들고 해석하는 사람들 또한 가상세계를 이해할 필요가 있다고 보았다
 세계 최초로 상업적 성공을 거둔 온라인게임인 리니지에서는 아덴이라는 게임머니가 등장한다
 아덴은 게임 속에서 필요한 아이템을 거래하는 교환수단이다
 게임 세상에서의 명실상부한 가치척도다
  비트코인은 채굴 과정을 통해 획득한다는 측면에서 보면 파밍(farming)이라고 불리는 반복 사냥을 통해 아덴을 획득하는 것과 유사한 측면이 있다
 비트코인은 누가 만들었는지, 백도어(비정상적 방법으로 인증된 시스템이나 응용프로그램을 통해 접근하는 경로)가 있는지 알 수 없다는 측면에서, 제작자가 분명하고 제작자의 의사에 따라 그 공급량이 조절되는 아덴과는 다른 측면이 있다
 아덴은 게임 세상에서 필요한 아이템을 얻을 수 있게 해주는 가상화폐로서 게임 이용자의 시간과 비용을 줄여주므로 현실세계에서 거래 시세를 가지고 거래되었고 지금도 거래되고 있다
  게임을 통하여 아덴을 얻는 것이 도박인가에 관하여 다양한 견해가 있겠으나, 대체로 도박이 아니라고 한다
 그 이유는 아덴을 얻는 과정이 노가다에 비유될 수 있는 단순 반복 작업이고 우연성이 적용되는 과정이 아니라는 것에 있다
 필자는 이러한 설명이 온라인게임의 본질을 오해한 것이라고 보므로 이러한 방식의 설명에 동의하지는 않지만, 게임을 통하여 아덴을 얻는 과정을 도박으로 다룰 필요가 없다는 점에는 동의한다
  아덴의 현실시세는 고정되어 있지는 않으나 리니지 게임의 서비스 초기에 최고 가격이 형성되었다가 시간이 흐름에 따라 지속적으로 하락하고 있다
 리니지 게임에서 아덴은 시간이 흐름에 따라 지속적으로 확대 공급되고 있는 것이다
 리니지 게임이 서비스된 초기인 1998년 당시에 1아덴이 1원이었다면 20년이 지난 지금은 1만 아덴이 1원이라는 식이다
 이것은 아덴 획득에 미치는 여러 요소 및 물가상승률이나 현실에서의 화폐가치 변동 등을 고려하지 않고 단순화해서 말한다면, 20년 전에는 1아덴을 얻기 위해서 1초 동안의 게임플레이가 필요했다면 지금은 1초 동안의 게임플레이로 1만 아덴을 얻을 수 있다는 뜻이다
   이것은 아덴이 가치축적 수단으로서의 기능은 거의 없다는 것을 말해준다
 이처럼 가치축적 수단으로서의 기능이 거의 없고 지속적으로 가격이 하락하는 재화를 도박의 수단인 베팅칩으로 활용하는 것은 거의 불가능하다
 이 점은 온라인 고스톱포커류 게임에서 사용되는 게임머니의 현실시세가 큰 변동 없이 거의 고정되어 있는 것과는 큰 차이가 있다
  비트코인은 어떤가? 비트코인의 현실시세는 다소간의 변동은 있지만 지속적으로 상승해왔다
 비트코인은 어떠한 가치를 가지는가? 비트코인이 채굴을 통하여 획득된다는 점에서 게임머니와 유사하지만 비트코인은 현실화폐와 교환되지 않는 한 채굴자의 시간과 비용을 줄여주는 요소는 전혀 없다
 현실세계에서의 거래 가능성이 국가에 의해 보장되거나 유력한 경제주체가 보장하는 것도 아니며 오직 개개인 간의 신뢰에 의해서 유통성이 보장될 뿐이다
 어느 누구도 비트코인의 현실시세를 보장하지 않는다
 아덴도 현실시세를 보장하지 않기는 마찬가지지만 아덴은 게임 속에서 게임 이용자의 시간과 비용을 줄여준다
 현실적인 노동의 대가로 아덴을 구입할 경제적 유인이 존재하지만 비트코인은 그렇지 않다
  그러면 비트코인은 어떻게 현실시세를 가지게 되었나? 비트코인을 교환수단으로 만들기 위한 (누군가의) 끊임없는 노력이 사람들에게 비트코인이 현실 재화와 교환가능하다는 신뢰를 주었고, 사람들은 이러한 신뢰에 근거해서 비트코인이 현실시세를 가진다고 믿게 되었다
 그런데 이러한 신뢰는 국가가 보장하거나 은행 등의 유력한 경제주체가 보장하는 것이 아니고 현실의 효용이 있는 것도 아니므로 언제 무너질지 알 수 없는 것이다
   지속적으로 가격이 상승하는 재화에는 투기수요가 붙기 쉽고 요행을 노리는 투자자가 증가하기 마련이다
 현실에서 비트코인은 베팅칩에 가깝다
 친구가 일확천금한 이야기를 듣는 것은 매우 고통스럽다
 중산층이 자산가치의 등락에 노출되는 것을 방치하면 필연적으로 중산층이 붕괴한다
 사람들이 사행적인 투기 행렬에 가담하는 것은 사람들의 삶이 매우 고달프다는 증거이고 사회가 붕괴하는 신호탄이다
 세계적인 신자유주의 유행은 노동소득 감소 및 복지 축소로 이어져 평범한 중산층의 삶을 뒤흔들었고, 위기에 처한 평범한 사람들은 쉽게 투기 행렬에 뛰어들었다
 재테크 없이 월급만으로는 살 수 없는 사회가 된 것이다
 한국에서 비트코인 열풍이 불고 있는 것은 우선, 평범한 사람들의 삶이 너무나 불안하기 때문이다
 다음으로 한국에는 사행성 수요에 대한 국가적인 통제체계가 지극히 부실하다
 국가전략으로서의 사행성 통제장치가 거의 없다
  비트코인 규제는 사행성 규제의 일환으로 다루어져야 한다
 미국에서는 선물거래가 가능하도록 함으로써 금융규제 대상으로 다루게 되었는데, 금융규제 대상으로 다루는 것도 가능하지만 사행성 규제로 다루는 것이 더 장점이 많다
 왜냐하면 한국에서는 금융규제가 소비자 보호보다는 금융시스템을 보호하는 데 치중되어 있기 때문이다
  이렇게 한국에서는 금융소비자를 보호하는 시스템이 매우 부실하다
 선진국의 사행성 규제체계는 금융규제와 매우 유사한 시스템을 가지고 있다
 대체로 4가지의 규제장치를 설계하면 사행성 규제시스템을 구축할 수 있다
  첫째, 전문성과 독립성이 보장되는 감독위원회를 설치하고 그 산하 감독국(감독집행기구)을 설치한다
 사행성 규제는 매우 높은 전문성이 요구된다
 몇년마다 보직이 바뀌는 관료들이 담당하기 어려운 영역이다
 감독위원회는 독립성을 보장하고 권한과 책임을 부여해야 제대로 작동한다
 감독국은 감독위원회의 지휘를 받아 감독 업무를 집행한다
  둘째, 주기적으로 갱신되는 라이선스(면허) 체제를 도입하는 것이다
 가상화폐를 만들거나 유통하는 행위를 업으로 하는 경우 라이선스를 받도록 해야 한다
 이 라이선스는 엄격한 심사를 거쳐 발급되고 주기적으로 갱신되어야 한다
 가상화폐의 경우에는 거래 양태를 예상하기 어려우므로 지금은 1년 단위 갱신제를 제안한다
  셋째, 내부 통제 시스템이다
 일명 컴플라이언스(준법 감시) 체제를 말한다
 라이선스를 받은 업체 내부에서 불법, 범법, 규정 위반 등을 감시하고 감독위원회에 직접 보고하는 업무를 전담하는 감독책임자를 두도록 하고 내부 감독기구를 구성한다
 내부 감독기구는 경영층으로부터 독립하여 구성되고 내부 감독책임자에 대한 인사권을 가진다
  넷째, 이용자 보호 규정을 정비한다
 사행산업의 경우에는 책임도박시스템, 게임의 경우에는 게임이용자보호방안, 금융의 경우에는 금융소비자보호방안에 해당한다
 이용자 보호 규정을 정비하는 것은 감독위원회의 주된 업무이다
 이용자 보호 규정에는 이용자 교육, 본인 확인, 투자한도, 가상화폐에 대한 정보공개 의무 부과, 가상화폐에 대한 등급제, 경고, 이용제한조치 등이 포함되어야 한다
  비트코인은 아마도 게임아이템과 베팅칩과 금융상품이 만나는 중간 어디쯤에 그 주소가 있는 것 같다
 그것이 게임이든 도박이든 금융상품이든 중요한 것은 이용자(투자자, 소비자)를 보호하는 것이 핵심이다
 이용자 보호 장치는 매우 정교한 설계가 필요하다
 불법을 단속하거나 거래소를 불법화하는 조치로는 충분하지 않다
 불법을 방치하지 않으면서도 합법적인 공간 내로 사행성 수요를 흡수하고 사행성 규제장치를 완비하여 이용자를 보호해야 한다
  ‘나만 아니면 돼!가 아니라 우리 모두 함께 더불어 잘 사는 사회를 만들기 위해서는 보이지 않는 위험으로부터 평범한 사람들을 보호하는 것이 매우 중요하다
",hani,2018.01.15,http://www.hani.co.kr/arti/opinion/because/827849.html
37,"비트코인 채굴업체에서 컴퓨터를 통한 채굴 작업이 이뤄지고 있다
 온라인매체  갈무리  지난해 9월 대표적 가상화폐 비트코인의 거래 중단을 지시한 중국 당국이 이번엔 가상화폐 채굴에 대한 규제를 강화하고 나섰다
  인터넷금융 감독 기구인 인터넷금융위험관리공작영도소조가 연초 관련 기관들에 공문을 보내 채굴 업체들의 ‘질서 있는 퇴출’을 유도하도록 지시한 사실이 9일 중국 사회관계망서비스(SNS)를 통해 공개됐다
 2일치 공문은 “채굴 업체들이 막대한 자원을 소비하면서 투기를 조장했다”고 지적했다
   공문은 전기요금, 토지 이용, 세금, 환경 보호 등 구체적 퇴출 유도 수단을 제시했다
 앞서 와  통신은 중국 정부 소식통을 인용해 전기 공급을 제한시키는 방식으로 채굴 업체들을 단속할 것이라고 보도한 바 있다
 비트코인 채굴은 대량의 컴퓨터가 동원되기 때문에 빠른 인터넷 환경과 저렴한 전기요금, 냉각에 유리한 환경이 중요한데 이런 조건을 와해시키겠다는 것이다
  이같은 방침은 그동안 채굴 업체 유치를 통해 ‘윈-윈’하려던 일부 지역의 시도에 찬물을 끼얹는 것이다
 신장위구르자치구와 네이멍구자치구 등 저개발 지역은 저가의 전기를 바탕으로 가상화폐 채굴업을 육성한다는 계획을 갖고 있었다
 쓰촨성과 윈난성의 대규모 수력발전소 인근에는 전기가 남아도는 발전소와의 직거래로 다수의 채굴 업체들이 생겨났다
  전기를 생산하는 중국 북부 및 서부로부터 산업단지가 밀집한 동부까지 전력을 보내는 고압 송전망이 올해 대거 완공돼 전국적으로 균질한 에너지 공급을 도모하고 있기 때문에, 단속과는 별개로 채굴 환경이 불리해진다는 전망도 나온다
 일부 채굴 업체들은 중국을 떠나 스웨덴, 캐나다, 싱가포르 등으로 옮기고 있다
  베이징/김외현 특파원 oscar@hani
co
kr",hani,2018.01.09,http://www.hani.co.kr/arti/international/china/826979.html
38,"지난해 12월14일 서울 중구의 한 비트코인 거래소의 시세판
 연합뉴스
   가상화폐 거래소 폐쇄를 추진하겠다는 박상기 법무부 장관의 발언을 두고, 바른정당·국민의당 등 야당이 각각 “세밀한 검토와 조율이 없었다” “단속 아닌 대책부터 마련해야 한다”고 비판의 목소리를 냈다
  유의동 바른정당 수석대변인은 11일 오후 5시 10분께 논평을 내어 “정부의 가상화폐 거래소 폐쇄 발표는 한 마디로 국민패싱”이라며 정부의 행정을 비판했다
 “정부는 얼마 전 가상화폐에 거래세 부과를 검토한다고 했다
 오늘은 가상화폐 거래가 도박이니 거래소를 폐쇄하겠다고 나섰다
 그러는 사이 수많은 국민들의 재산은 증발해 버렸는데, 뒤늦게 청와대는 법무부 입장일 뿐 정부 입장이 아니라고 한발 뺐다”고 밝힌 유 수석대변인은 “국민은 안중에도 없는 이런 자중지란은 행정이 아니라 국민우롱”이라고 비판했다
 바른정당은 논평에서 “정부 발표는 세밀한 검토와 조율에 바탕을 두어야한다
 문제가 있다면 미리 경고를 하고 대비하도록 해야 한다”며 “오늘 보여준 행동은 그와는 정반대”였다고 질타했다
 또 “오늘 발표의 책임자인 박상기 법무장관은 신뢰를 잃었다”며 “문재인 대통령이 나서서 국민패싱과 국민우롱에 대해 국민 앞에 사과하고 상응하는 조치를 취해야 할 것”이라고 주장했다
  이행자 국민의당 대변인도 이날 오후 5시 20분께 “비트코인 관련 단속 아닌 대책부터 마련하라”는 제목의 논평을 내고 “그동안 무대책으로 있다가 이제 와서 가상화폐를 도박으로 보고 거래폐쇄라는 극약처방은 시장에 큰 문제를 발생시킬 것”이라고 주장했다
 이 대변인은 “가상화폐의 주무부처는 법무부인가” 물으며 “정부는 부처 간 조율이나 하면서 이런 발표를 하는 것인가” 질타했다
 또 “탈세의 소지가 있다면 국세청과 논의하여 과세 방안을 조속히 마련하면 될 일”이라고 말했다
   장제원 자유한국당 수석대변인은 저녁 8시 50분께 논평을 내고 가상화폐 거래소 폐쇄 발표에 대해 “선량한 가상화폐 투자자를 ‘도박꾼’으로 몰아부치는 오만한 정부의 국민 무시 정책”이자 “국제금융시장의 흐름을 받아들이지 않는 또 하나의 ‘쇄국정책’”이라고 비판했다
 장 대변인은 또 “설상가상 박 장관이 거래소 폐쇄를 발표하며 각 부처 이견이 없다고 했는데 청와대가 아니라고 선을 긋고 나섰다”며 “청와대와 내각이 이렇게 손발이 안 맞아 어떻게 국정 수행을 할 수 있을지 불안하기 짝이 없다”고도 말했다
   앞서 박상기 법무부 장관은 이날 오전 정부과천청사에서 열린 법조기자단 간담회에서 가상화폐 거래소 폐쇄를 추진하겠다고 밝혔다
 이 발언에 한국에서 거래된 비트코인 가치가 전날에 비해 20% 폭락하고, 청와대 청원 게시판까지 규제 조치에 대한 항의가 빗발쳤다
 윤영찬 청와대 국민소통수석은 이날 5시 22분께 청와대 출입기자단에게 메시지를 보내 “각 부처의 논의와 조율 과정을 거쳐 최종 결정이 될 것”이라고 밝혔다
 정유경 기자 edge@hani
co
kr",hani,2018.01.11,http://www.hani.co.kr/arti/politics/politics_general/827388.html
